CGHRWNPGG	70	1	1
KSLGWTPSG	63	45	37
GGFLWGSDR	74	77	60
KAGGWLEPR	57	22	18
APEEWLDIL	53	70	41
EEPGWPHPQ	70	16	15
VINDWRKFK	43	56	34
GRRRWRKDK	47	0	0
GNKKWEQKQ	57	0	0
KPDDWNEDT	54	0	0
PRLVWRASE	62	68	51
PQTRWVAPR	64	52	43
WGKWWGTAL	62	98	62
YSRSWNDWQ	45	41	32
GMKAWEPHQ	71	17	16
GQRPWAPGR	72	23	20
NPKEWSRIS	57	12	11
GTPAWTPSW	72	96	70
PKITWQALN	68	61	48
IDSPWKKTG	54	18	13
QASHWARGF	55	59	40
AGDPWKEVR	62	4	3
PAHNWEMNY	64	38	28
RRPVWQGGA	64	9	9
PMYQWHPLA	80	95	77
LSPNWMSPS	64	83	57
EDEGWAAAA	76	9	9
AHTSWSGSA	79	17	13
PGSLWKGIP	67	68	51
RCPGWGSSH	79	8	8
LPSEWEKDP	46	28	24
VFSSWQGGP	57	87	51
LDPAWEKQQ	57	13	12
AEPPWSGRL	64	48	40
SNGGWTWTS	68	62	46
EKVTWDGHS	82	5	5
AGMQWCSHG	72	17	14
AKRPWRPEE	59	7	5
PKDDWAAAY	71	31	28
RSPPWRGTA	68	24	23
AGTPWPSPP	72	75	58
RADRWPGAA	79	7	7
SSEEWRGSV	54	7	7
ASQDWDVVK	65	12	11
TSHRWGTTE	80	4	4
SRRRWGAHG	69	1	1
SEESWGCRQ	72	0	0
RPRRWPRAG	57	19	18
SAENWADAE	60	1	1
PLNQWPEQH	53	29	25
QQTRWKKDL	50	6	6
KLPPWNPQV	69	71	56
KTNRWRRRR	51	1	1
RERDWDRPR	39	1	1
ADPLWRGDQ	60	17	14
RCSSWDGCS	63	0	0
AGLAWTRGT	66	39	36
AANHWHRAV	72	19	17
VCDNWLRPE	55	26	21
EEMLWDESI	53	26	19
PGSQWLRHR	61	36	30
TTGNWESHR	67	1	1
NFKAWPSSR	62	59	44
DDKGWPENQ	63	0	0
GQQPWGRSL	63	19	18
QKPQWSQRT	64	3	3
PATSWEDMK	48	29	20
QGSRWGEAL	61	15	13
SPQHWEQPV	65	17	16
RKKEWGKKE	58	0	0
PADDWKKSE	50	2	2
GELNWEDNN	57	0	0
PPGKWALAG	68	66	49
LAPPWPRTS	79	95	77
VTHPWASSG	66	54	43
RDSSWSETS	70	4	4
APDCWDQVD	58	2	2
TPPGWQATS	78	40	34
EDVSWPSPL	67	71	52
GTRTWLVDP	70	75	57
SEESWDEED	55	0	0
SQGGWGHRL	66	21	18
GAAGWRRSG	64	0	0
TAPAWPPPG	79	89	72
ASPTWKKSC	70	20	18
QKKEWNDST	53	0	0
TAAAWPPTP	83	86	74
PDYNWNVRK	76	17	16
ANNQWAPLN	74	18	14
KLAPWQRQI	64	52	39
PWRPWIQTP	60	96	59
GTNSWSGRG	76	0	0
GGGGWTSRA	66	5	5
SPEGWSDAH	70	2	2
EYKEWKSQV	55	5	5
SGRVWKDRS	59	11	10
SPVLWKRQG	70	59	47
RQAPWREFT	45	39	28
HEQLWNIQP	71	35	31
AATDWESEG	76	2	2
QAQLWSPMV	81	91	74
TSGHWSGSS	72	7	6
FGKQWSSSS	53	59	40
EAPEWSKKQ	61	6	6
HQAPWIPPS	79	77	63
DSPPWSPAL	65	78	60
STGTWNPGS	79	14	12
SPHRWAGSA	63	14	11
DNSSWSDRY	62	4	4
SGTDWDAPG	72	7	7
GPASWKLFK	61	77	48
QGERWLPPT	72	60	51
PEGAWQSDS	70	5	5
MPRTWIATL	68	99	67
PADGWKGER	57	0	0
IQAPWGRPS	71	52	44
NQASWSSSR	67	3	3
ELEVWREEL	48	24	20
FRPRWKDTG	40	65	37
QTAPWPESI	70	52	41
KETEWPDGA	59	3	3
PKKSWHVRN	69	16	16
LKPYWKLQK	72	67	55
SGSGWSSSN	80	1	1
SEGGWTSGA	77	1	0
PAEVWKGIK	64	24	18
NLKPWDGRA	62	25	24
TRSRWWRGG	55	50	37
SERDWGVPE	66	14	11
LPQRWESRE	49	33	25
ATDSWALAV	82	91	74
GGLAWPEQE	68	18	16
TSQSWVQKM	58	38	30
GERGWGAST	83	0	0
EPRNWTADK	62	1	1
TSGSWQEAG	77	0	0
STSRWRDTA	75	12	11
ESGFWSADE	63	34	29
SEAYWDGGP	69	14	13
PLESWLGPP	68	92	65
GGRGWGTRG	78	0	0
PQRTWPIRV	66	67	50
PGSAWAGPW	73	94	70
GDAPWRPPP	75	55	48
RRMGWGAGE	66	13	13
STRMWGRSR	62	34	30
RPLAWLAPG	84	93	79
PAPTWPPLC	77	100	77
AETPWRVTS	71	34	29
PEGRWREKG	54	0	0
PVRAWKNPE	69	33	29
PFQPWVNPK	78	94	77
SSGFWRGYR	69	49	43
EESDWTENS	55	0	0
TPVPWRLPS	69	90	66
CLAPWWGQQ	61	80	50
PRWLWGQPP	65	93	60
REDDWRCKG	59	0	0
DEGSWIKKN	56	8	6
SLESWLNKA	57	33	25
DTDQWNLGP	74	22	17
KGNSWAPNG	64	8	6
MEESWEAAP	65	35	30
NPRSWGKER	60	2	2
LCPDWESWD	54	69	43
GARRWSEPS	61	10	10
ATDRWRRET	43	1	1
QQPSWTDDL	59	19	18
GDDGWPGAP	78	19	18
ARAVWDPSA	72	27	23
RGSPWPPEA	64	38	31
TGGLWKPAS	80	44	39
RGRLWSGAG	74	30	27
DDKSWKGSL	54	24	17
PCSGWDSDT	65	14	11
QPRPWRPLP	71	78	61
AVTPWPRGR	66	54	44
QHQLWKQSQ	73	7	7
GGGGWGSGS	82	0	0
TLEGWKATR	64	28	26
SGVRWISGG	65	43	34
SGEGWCPGA	83	5	5
PDYDWTTGP	66	38	31
SRDTWDGDE	61	0	0
TDASWESGG	70	2	2
KNSPWLCTE	71	43	37
ESKAWAVLT	75	65	58
HKAEWRSSY	71	16	15
RRLAWDTEN	65	25	24
TSAPWPEFM	68	94	65
KGVSWQSPP	77	37	29
KASTWVVAS	75	76	61
QGGGWGGRG	85	0	0
RNQCWKPFS	54	44	30
GVRTWGSGK	71	27	25
DLSEWGRAR	60	18	16
QAAAWSSQV	74	10	10
GQPKWQSPA	77	10	10
SGGLWSGAG	71	20	19
KPKMWSESS	58	25	21
GSKQWSSSA	73	0	0
PVSQWPCNP	67	49	40
QAQKWAQGQ	70	0	0
PGAIWRTPR	70	56	45
PQGVWPECL	77	53	44
RSCTWPLPQ	67	68	54
SGRDWKSKS	56	0	0
FSGSWERRH	33	50	22
LADPWQKMA	58	48	36
ATGGWSSSK	84	5	5
AAAKWAASP	82	36	33
ETSVWPLRH	64	70	51
ASGRWRQEQ	60	0	0
SSNSWPSPT	82	60	55
LGPSWASAN	72	52	45
PKAGWLLPF	76	100	76
EKMGWAQVV	61	38	29
PPPEWDSVP	63	70	50
PGSAWQPPP	81	72	62
ARWNWGGGA	67	42	38
ERPSWPRRD	61	14	13
DGHQWTLSP	67	40	29
NTAQWHLHA	79	35	32
SWSPWLNWK	66	96	64
DTRSWEGTK	61	0	0
PTTAWNAAT	79	41	37
KKPKWVPPA	82	73	60
VWPQWQGQQ	71	66	51
GPPSWSLAM	77	96	74
NAQYWSQFH	59	50	39
LVVIWPPRR	80	100	80
GGARWSAGP	70	14	13
KPPRWTRDA	55	23	19
GGPFWSTAR	71	71	57
GLGPWDPPD	73	40	32
VPDGWKEPA	62	27	27
RRRHWQLQR	64	22	21
VRSDWEVKE	62	10	10
PVGKWTALN	67	67	51
GTRKWEQKQ	49	0	0
KTNIWKKRE	58	7	6
KSPRWGGPD	79	11	10
VWGPWYKEE	72	81	62
VGSPWRPLH	77	71	62
EGASWDSDR	69	0	0
VDGTWGSSA	78	17	14
DKEAWALRS	58	32	27
ANWPWVAPG	75	89	69
EADDWSNPS	69	1	1
QKADWSSIP	46	27	20
AVKDWANQR	55	4	4
QNQPWQKLR	70	13	11
GDGGWDLSL	55	43	33
SSQKWHMQK	77	13	12
REMTWLPPL	88	100	88
RCSHWPRKA	63	17	15
SIEGWSRTH	62	20	17
VSGDWEHPN	59	4	4
AIQNWQRRP	46	21	18
RLGPWPLRA	69	76	59
PPQGWPGSN	76	33	30
TSASWAGGM	70	49	37
RSRSWTSPK	70	25	21
PPASWPYDG	65	61	50
RPRPWTTPC	75	48	41
RRGAWGNNM	69	7	7
SGPSWLQPP	70	74	56
VLPHWPQTP	70	92	63
PTEAWKVEK	72	10	8
PQMDWSKKN	62	24	21
AEMGWQRDN	61	8	8
PSKQWASAT	68	22	20
KQEPWHGEN	63	0	0
RSPRWEDSY	63	19	18
EVPEWTKCS	68	22	21
WAGPWGGRR	71	69	61
GRGGWPGEG	74	0	0
GQDSWPVSS	60	21	18
VSRGWRPGW	58	81	53
AERRWEKSS	51	0	0
GQLSWDRPP	61	25	21
PTFPWDEDP	55	73	48
YPRKWRTDD	61	20	18
DKRSWPSPK	70	27	25
FYQGWSAVA	59	97	57
RPWEWSTSP	57	68	47
PSPKWAPTP	85	78	69
QEKAWGFPE	61	46	34
AAAAWIQGP	73	55	44
PGPGWAAEG	79	13	12
AYPPWPVPG	88	99	87
HLPRWPPPQ	69	78	59
MPFKWNAQR	64	89	60
PGQPWWPGP	64	91	60
ARVQWHNLG	68	28	22
DPENWELPQ	64	15	12
KRKNWVNEL	52	10	8
PGQLWGSSR	71	52	45
SVSGWGDPK	74	8	8
HASSWPPRL	67	81	62
TRRRWSSTA	53	17	15
SGKSWPWTP	69	90	65
RSSGWRPAK	64	14	13
NRTLWDSVR	63	35	29
KSWSWATLE	70	79	61
PAPPWTQPS	74	82	62
EAEEWGSHH	74	0	0
SPPVWHAVR	84	80	70
GHQTWDRHS	66	0	0
MASSWGGPH	65	48	39
AGKPWKKHG	71	0	0
GHPQWVGLD	63	30	23
APEGWPSDA	83	16	14
GDLNWGEEQ	76	0	0
PVVEWQSES	67	51	42
LCPVWEENS	68	48	41
VSGGWDWHA	72	61	54
ARGSWRETG	69	1	1
PPAAWEAQK	77	45	40
LLPSWVPEV	74	100	74
APRRWSAVR	67	33	27
TTTSWPTAT	83	71	66
ERPGWSGTP	63	14	10
REERWMRAS	53	19	17
EMGSWLGRD	54	27	20
RSQSWDDRG	58	0	0
SWGPWKVVA	63	87	59
GHTRWRQPG	67	5	5
MLSRWSASF	55	97	54
GGEFWGELE	51	26	17
ETAGWQGWP	62	59	48
RSSGWPRTG	74	22	18
PAPPWITVT	83	100	83
EAPSWDELA	53	21	16
AKGPWQEAD	71	1	1
SSPAWRPPP	71	80	59
MGLDWDEPL	62	54	40
EERAWHSDG	68	0	0
SPQEWPFLP	80	98	78
ALISWMEQE	59	65	42
GPRAWDHGH	78	7	7
DLPWWSIPQ	78	94	75
GKSAWIRDY	59	35	28
CASPWSPRT	77	37	36
SHSGWGSCT	84	2	2
AEEPWMGPF	73	90	68
TFHSWPSSK	58	72	51
MKPDWPRRG	63	29	22
EGRDWAQRA	56	1	1
SWHGWTSSD	73	56	51
EEEQWAREI	47	7	7
RGPGWGPQG	67	3	3
PQSSWHCTQ	69	11	9
HPSTWSSTA	77	49	46
SFSPWQGSF	58	98	56
MAQGWAGFS	57	74	47
LPPFWRGSA	69	99	68
NAANWLTAK	65	23	18
SGGSWAGTG	79	2	1
RRQVWKRRA	47	8	7
PRSSWCASN	73	22	18
ASSMWAKEG	66	23	19
MEQDWQPGE	63	2	2
LELGWQMPP	65	89	60
GAWGWAPLS	76	94	73
RRRAWHGAR	58	6	6
LNQTWPELN	57	39	34
SLSSWQSAT	61	46	35
PRPKWHSRD	62	29	23
GPPPWPRGY	72	69	56
LKENWNLNP	67	33	29
PQGQWRQDS	60	0	0
PRRGWPETY	49	26	23
RRQEWNMMA	61	49	34
GPFGWAGST	71	71	54
DQSSWQNSD	69	0	0
EVQKWAQEE	63	1	1
DEGYWDSTT	74	12	12
NNTEWDTGY	67	5	5
RPRVWRDKA	61	15	14
PEDPWSLYG	72	46	38
REPDWGDGD	70	0	0
SGSIWRFQS	59	56	43
GGWDWHAKP	68	34	30
GKAAWTDAG	82	0	0
PGWAWSPQD	73	76	59
PAQDWAQLD	57	10	6
ENRSWESSP	52	8	7
ARGQWPDVR	74	19	16
STASWEGTH	79	5	5
GTSPWAIGR	75	50	44
STGSWTQLA	63	50	40
DGCGWEGQT	66	0	0
DEQPWPESH	54	3	3
EDSRWQSRA	62	1	1
RAARWACIQ	70	30	26
AEPGWDGGW	52	29	25
TFDEWKKKV	49	34	27
PQRGWAGVG	70	17	14
AGRAWGSHT	76	4	4
RTTTWTKPT	70	48	44
SLAPWPALR	65	95	62
PGSTWSAST	76	58	51
RSHKWPRTE	62	16	13
TPIGWHASP	80	68	56
QSLGWGDSS	72	23	21
TIAAWPHSD	82	69	61
MGQKWGWHR	61	52	43
EEESWEPLR	62	19	16
LGAPWPESS	75	68	57
GEKDWENAS	61	0	0
GPRGWERGG	62	1	1
FGSLWPRPL	78	98	78
PPGTWLRRT	66	77	53
PRKWWLLMK	68	95	66
QDEEWASSD	60	0	0
KPRAWSKHA	66	20	16
ANPLWQQRA	63	23	21
HTLPWRTTR	80	64	58
YRQTWRASC	74	19	17
LPNPWTSTH	65	88	58
GEQTWPTEE	59	4	4
YRGEWKEGE	53	0	0
AMSPWPEDP	74	45	39
SHSSWSAGE	79	1	1
LGKQWSSAQ	58	25	23
APSKWEAVD	66	18	14
ENDPWLIRK	75	45	38
RGLPWTKLG	59	51	36
SPVGWVSSS	74	50	43
LPARWKKEM	53	63	41
ITPLWRRRS	67	84	63
TPGPWKVPS	69	62	52
PYERWSPTS	62	39	31
PTHPWTRST	75	67	53
RDRKWEHQA	50	1	1
EPERWRRRR	51	3	3
LIAAWGQPS	76	90	72
KDHHWVPGP	72	50	35
HSAFWGPES	74	70	58
RFLVWGILS	81	100	81
GEEEWGQQQ	75	0	0
MVSEWLNKL	56	73	42
FEDFWRPPS	45	88	40
TSDPWGGPP	77	43	37
LDDRWYMHS	65	40	31
QGDSWGEGE	76	0	0
QSAVWPSSP	77	57	49
PIDHWNLER	61	32	26
NTGKWDRGS	61	0	0
AQRVWTEPG	65	12	10
ESPEWVQEQ	62	1	1
DHWKWSSSR	64	46	36
NPRWWPQPG	65	55	47
KDDIWPNPL	75	54	46
AGLPWNFGP	73	91	70
PLMPWETLL	73	100	73
DPRSWEYRS	58	8	7
DVWQWMLES	77	79	66
QPRRWKAGP	69	13	10
PEPGWEAKC	73	5	4
RRLPWAGPA	74	69	53
QEPQWTLET	77	29	28
ATDAWGPSR	70	22	21
APIPWNALN	83	76	67
ERRRWQQRD	37	0	0
GEQDWVNRP	65	9	9
KPDSWDGNR	53	2	2
PGSNWDLPT	68	46	36
RSQEWLLLR	53	67	44
SSASWKSSS	74	14	13
PPPSWTATL	74	99	73
KDPSWRPRQ	74	6	6
VAPQWRPPG	83	66	62
QTELWGGQG	73	8	8
GKMLWTIIE	70	84	60
LSGPWGSPP	71	77	59
ASSPWASGE	67	17	15
RRHGWNPKD	70	0	0
PEGAWGGTS	83	11	11
SKENWRSPT	65	14	13
RGDAWRGRG	69	0	0
QASDWSPQE	67	0	0
YDAYWKNLS	63	39	30
KDKMWCEDT	66	2	2
PAGAWRVSR	70	32	26
GGQSWGSPQ	89	5	5
SGSYWPARH	73	35	34
EQQGWNDSR	58	0	0
QLGSWSLSS	71	56	46
SRSCWQGLP	66	40	32
ASKSWSWAT	75	77	60
SEGWWEPPQ	65	38	34
GGGGWGWGN	73	30	28
SSGKWEVGS	74	10	8
GEPQWGPQE	70	2	2
VKAAWEGGS	74	15	15
ELKGWGGDR	72	8	7
TSSDWLEQV	59	38	31
RHSPWSSPK	72	24	22
TSLQWRTQD	65	31	29
KSKLWLLKD	63	57	42
PHSFWNLQT	61	84	56
TLQAWSKTT	73	47	40
PTHLWTGEV	58	66	46
HPFRWGSQD	73	61	53
GGPKWKHMQ	71	9	7
QSRTWEQQQ	66	0	0
HHVRWPGPH	81	50	45
GSPGWGCAG	88	0	0
KSTGWWSSD	61	50	39
KRWGWGRLP	64	79	54
TSHSWEMPS	78	46	42
GRGRWVKDE	55	3	3
SPAAWSDPG	77	25	23
APPDWSHMR	71	57	48
STNNWNYSG	75	3	3
SSEPWGRTP	74	19	17
ARLQWDSGS	64	26	21
VEPQWLCRQ	57	31	27
PRPVWPDPK	72	62	52
QPWEWNRVT	61	54	47
RNSSWYSSG	70	17	15
PHQKWTLDS	67	36	30
GGSSWGGRS	87	0	0
CHPAWEPRS	84	15	14
PIGTWGPSP	83	94	78
NKWKWTKRT	54	41	31
PRGSWFPVK	72	91	66
FQDSWDTET	43	45	30
DRGPWRNMD	62	8	8
PGSGWGRGT	72	11	8
RQCSWPSPQ	71	24	22
GFSKWNATN	54	33	29
TAQHWKRRK	60	3	3
GPYHWSPSR	76	49	43
ATLPWGTGP	74	78	63
GGGPWARTE	71	3	3
PRRRWRRAC	55	13	12
HLTFWGPGP	71	96	68
GPGSWSPTA	77	36	35
KARGWEAAA	76	4	3
RHSSWSEGE	69	0	0
SKALWPPKN	71	45	39
EGEDWDEEA	47	0	0
SSVDWSSAD	68	19	17
RRWSWDECV	57	41	32
MLENWTRTS	47	54	34
RVKSWADNL	62	25	22
IEGPWTEPY	66	46	36
KGERWSGLR	49	14	11
KMSEWAPRP	73	43	36
TNPYWADTN	73	27	27
PGVPWKGIQ	67	50	41
FQDSWDTES	41	41	30
GPWRWQQQQ	58	26	23
DASAWPEFV	68	83	59
TPLSWAVPP	84	100	84
RSSSWSYSL	70	73	56
EEGSWRLGA	69	16	9
SGHTWQQSP	77	7	6
NSSSWSSLG	66	37	31
GNETWATSP	74	31	28
HRSAWGKSR	77	8	8
GPRQWRHSS	64	8	8
PAPEWPGRG	68	34	28
MGPNWLDCP	58	58	37
LASRWRSDD	48	37	29
ESKPWEPGK	74	1	1
NRELWTTDE	67	15	15
AQSSWPSCY	75	24	20
AGYSWSPQR	75	29	28
GPGCWVLRP	69	66	49
RSSSWSKKR	59	7	7
GQNHWHRRN	55	0	0
HHQPWAQLH	70	35	31
GRGGWEVRH	71	2	2
HCASWRSSG	71	4	3
YVPCWPEPS	79	88	70
KLQRWDLSG	64	34	28
SNAPWQWSG	73	56	49
LDRDWNTDP	43	11	10
RDPQWLHPR	73	47	39
RSSRWPRES	55	10	10
HGVSWVKGP	68	47	39
RQGGWSTDG	67	0	0
PSPGWTSSP	61	56	43
LLERWTRMA	52	84	48
LPARWRNGR	56	50	38
SSRIWLSPG	73	85	67
KRNPWSDSE	68	1	1
GWGKWWGTA	69	79	59
DDDMWNLPL	63	71	51
PEYQWHPPL	80	82	69
DPAPWRDNG	70	5	4
ADPAWTSAL	69	54	44
DPPNWNIRP	72	38	35
KGQRWGSLE	71	14	14
SKRPWARQE	62	7	6
APCPWRSPA	74	57	49
GSSCWGHSS	78	1	1
DMERWARSL	47	32	23
AHRLWDPDD	57	16	13
ASQCWGAAA	77	8	7
VSPEWAPPG	76	62	53
RRPQWHGKS	62	4	4
PGSYWKATS	71	43	41
GAAGWSHCH	82	2	2
GQPWWPGPR	79	78	66
RYGDWERKG	53	1	1
NVTAWQQPQ	71	8	8
GQDIWDMLD	63	22	17
QGPDWDGPK	72	2	2
PGKSWILSP	66	84	60
PHISWPQPQ	72	70	57
GWQGWPSSS	71	47	40
GGRSWADAV	64	13	10
TPLAWQNPS	85	54	51
TELSWISGD	66	58	46
PSWPWCAPR	67	88	65
GTEPWPPAP	83	71	62
RARRWDMKE	56	8	8
THCPWPQHL	79	50	41
TAGGWGVFP	73	90	64
GGEGWGAGR	85	0	0
GASPWPVRG	67	42	38
PLRGWPQPK	71	66	52
GEGSWAGAG	80	0	0
PHTSWPSSA	82	62	55
TYQAWQQPT	79	11	11
SPSSWKSPP	67	38	32
SCGSWASAS	64	10	9
EPDGWAGGL	64	12	11
MTGSWAATP	76	74	61
SSKVWEEDC	59	3	2
LKNTWNLHP	70	60	46
SKPSWPSEK	71	21	20
SSRTWSSAR	66	33	31
DSSSWTLPR	71	68	55
WSPRWPEAP	68	85	60
DSEAWVPDS	73	20	18
ARVRWHHLG	71	47	40
AATTWEKMG	64	26	23
RASDWHSKT	61	3	3
WPRSWSSAR	46	82	40
AAPPWPGGV	80	80	67
GEVPWAPPE	77	51	44
SPKEWRNSK	58	4	4
DLERWLQPP	58	51	33
AGAGWSAAL	72	56	48
SPIHWSDRD	69	38	31
SGTCWGPSE	76	10	7
LDSTWEGET	54	21	18
AGPQWHLPH	83	61	56
PPRNWPSLE	57	55	42
RRPAWTDRR	59	8	8
REENWQEWR	31	15	9
RSPSWAADR	74	21	17
NVILWPPNP	76	95	72
PVPAWSPPT	89	97	87
CRPQWGKPA	82	15	15
VPAGWGMGP	75	79	61
PNPLWDRGK	61	30	20
PAPGWKPLA	78	79	64
RGQRWKEPP	54	10	9
YNGSWGGRG	78	0	0
EDVSWPSRP	68	35	32
PGLCWGDRM	64	50	40
EETSWSGEE	49	0	0
SLINWPSRV	64	69	50
EMDLWSTAT	66	59	46
RPSNWKERM	50	11	9
ERDPWYSWD	54	48	34
SKGRWMQRP	57	20	16
GSNQWKRSN	63	0	0
GSSVWLEPR	61	44	36
ELARWLENP	54	34	27
SRPNWTRRS	64	18	15
KFDKWQEPP	53	29	24
SDGSWDKET	55	0	0
GPPLWPDLQ	69	76	56
GEGRWPGQT	68	3	3
PVSEWCRGR	51	27	20
AGPDWFPEG	65	49	42
RKRGWKRDR	52	0	0
QSGDWERRG	43	0	0
PRNEWWSPH	61	65	44
HPNLWASRE	66	39	33
APSSWGPRP	74	65	54
SPQLWNKHS	58	25	24
KVGSWSPSG	69	24	23
PGEQWEPVQ	74	3	3
VSTSWGSSQ	78	33	31
GKHAWTHRV	77	18	16
TKIKWKSGK	65	30	28
TRTGWASGT	72	19	16
DLPGWWLPL	78	99	77
ERRKWKEEE	44	0	0
PGAEWLPPT	79	77	64
GQTRWSGEE	59	0	0
RTKSWGEQC	70	0	0
PSGGWDRGY	61	12	9
GPPSWTDEC	72	25	23
PGGPWRWQQ	76	60	52
PSQLWGCVP	74	69	56
GLSHWAEEE	59	9	9
RQQAWSPQV	72	24	21
QDSEWGHSL	67	16	12
ERTPWMQSP	63	49	38
KHVHWKKRT	65	15	12
EDERWKEER	42	0	0
ELRPWGHRA	61	31	26
PKGKWNSSN	59	6	6
DQPCWSQKN	74	0	0
EHRSWTAFS	52	58	38
KATPWNQSD	64	8	6
EQSVWRHSP	67	11	9
LQGPWEERG	55	16	13
SSSGWEDEE	54	0	0
MGPCWWESG	62	68	49
GQDFWAQQP	57	34	31
SAEPWARMG	66	30	25
DINGWAQGN	64	2	2
HTRDWASPD	66	6	6
EDLEWERYR	53	8	6
FPSWWPSES	56	98	55
ATRDWALES	73	29	29
MKMLWKLTD	70	82	61
RRRPWLDPA	61	42	35
TGSAWVSSY	70	59	47
ESAAWGPPE	73	16	14
PGADWGFQD	68	39	31
KPGGWREKE	65	0	0
DPAPWASAL	72	74	58
VHMLWTPAP	77	100	77
QEGQWPPRD	64	10	8
EDVKWPPTL	77	74	60
TMKSWNDSQ	61	14	13
SKHRWPTGD	57	4	3
GPRFWGGPS	78	68	60
VFKRWLSSN	44	80	35
CKRPWPQHQ	61	2	2
STPDWVSEG	63	25	23
AGMQWRDLG	73	13	13
ASREWGGER	68	0	0
SRKGWKSKR	63	1	1
GQDDWNGTR	62	0	0
RKHGWGEPT	70	0	0
VPRPWQSLR	58	69	46
EASAWPPQP	82	45	40
VIQTWGEKN	54	44	28
SDESWETLP	48	37	23
AAQSWSPRL	67	54	46
GRPNWNLET	79	22	21
ASSFWTGEE	64	50	40
GIQGWENLA	65	27	24
PRPCWASSR	67	39	36
GRRLWPGPR	70	43	39
STPAWDSPA	71	39	32
GLSLWGAPQ	76	60	52
GHGSWGKRN	80	0	0
SRSMWDLSR	72	48	40
LPAHWTGDG	73	61	50
AKGGWSREA	69	0	0
QFPSWHLDK	64	68	49
GTSNWPPAW	74	97	72
PAPAWGPEA	81	61	53
PQDEWTGYT	59	14	12
DGYDWGPAT	74	17	14
GTRPWEWST	58	50	39
PLNIWYQHS	59	88	55
AAGSWPGPQ	75	21	19
ASQAWTKAT	76	8	7
RRGWWSCPP	69	81	56
LERNWSGRG	60	8	7
LGPLWGTNG	81	77	62
MAPTWLSDI	71	91	66
DCPSWDPER	67	1	0
DEPSWVPAS	78	44	38
GSTGWTNQD	77	1	1
NPPAWVRPD	74	39	35
EKPKWKSDY	59	5	5
GPGVWGDSI	71	31	25
RENSWKPRL	54	32	27
SWSHWPPKP	71	84	63
DSLSWSRLP	56	81	52
ARHGWGSGS	74	1	1
EPPAWGVSP	79	45	39
TDFSWDGIN	62	59	42
AGRLWDCPG	69	18	15
FESEWSKER	40	31	18
GRSGWHKGV	64	11	9
RDGVWGSWW	51	95	50
SSTAWLPRS	70	65	51
PHPSWETDT	78	34	29
AAAGWCRSG	79	4	3
WGNCWQKDS	48	31	26
PQVPWDPGL	63	66	47
HMAQWEVRS	67	23	19
KEELWKHIQ	67	19	19
KEESWVSIK	54	32	24
LEGNWKHEG	52	7	7
HPIIWQSEE	70	59	47
IQTTWTSSI	66	84	60
RGGRWRGTS	58	0	0
DSSSWPSWN	64	66	47
TWTCWTRVR	65	74	50
PKTAWAETS	72	23	22
APSAWSAPA	76	60	52
SADDWSEHI	55	14	12
SRVIWVKTP	69	82	61
VTHSWDSVG	69	23	19
TMPGWLRTT	61	83	55
HSRQWSGSQ	72	0	0
GPCGWRQKQ	78	0	0
GPLRWAARL	72	78	61
TQRPWTPSP	73	53	47
ACTAWDSWS	56	49	34
GKVPWLKPG	61	54	43
PGPRWPDPE	76	34	32
PFDSWSYSE	43	82	38
GSGTWSRGG	75	2	2
TSPQWGPGP	84	45	43
PKGKWSTPP	65	50	37
AQRPWSPPP	74	65	53
ETPSWPAPD	75	38	37
LNEEWHSDN	62	5	5
GQSWWGQVV	70	66	53
AHRTWPFPE	72	80	59
TSSDWPTAP	79	61	52
KRWKWKGTG	60	36	29
GTKGWAGDS	72	0	0
PGTTWILTK	82	90	75
SRNSWLPPS	62	68	47
LHGGWSGAQ	67	20	18
PSGHWSPRE	66	17	16
TRPGWSPAV	72	72	58
TEQSWMEND	57	10	10
KRRGWSDSS	52	0	0
SQEQWQESS	63	0	0
NTAQWPGER	71	3	3
TSPMWAPSL	76	94	74
AEQVWGSGA	79	4	4
WGAGWDGGH	56	30	29
SPCRWGPAP	87	61	57
REAPWDSAP	66	11	10
PPSTWPERT	63	52	42
QDPLWPLSS	72	75	63
KFSPWFSPY	62	99	62
GPEKWVWGG	68	47	41
PLKYWLYKE	67	85	60
VPNGWANPG	78	30	25
YKESWGQPE	62	1	1
QESPWQDRH	55	0	0
AMEPWALPT	75	93	71
CQRLWPWPA	77	98	76
PANSWVPGL	64	79	52
PGPEWGLCP	82	58	50
AVPRWPHLS	71	84	62
DEAEWQELQ	57	6	6
RNEWWSPHS	68	54	46
RGGCWGQPG	77	0	0
DLLAWDPLF	62	99	62
KRPDWNINK	57	6	6
VNSSWKSEP	74	17	17
QRVVWNSSS	71	32	28
SGRTWGGKT	74	2	2
RRRAWPTAR	67	32	29
RKWPWRRKW	38	56	30
KTFSWTPFP	73	100	73
SGPGWLHKA	74	38	34
TWLGWQGPG	58	80	51
RPGLWITPA	74	94	71
RKKPWPDSP	55	15	14
TGQDWNHTP	65	2	2
ITAHWLLTN	68	94	67
NSTTWHRLH	56	35	25
SGSNWGRGS	76	0	0
SPEAWPPKK	62	27	24
GTPTWNPSR	87	37	36
DAEPWGQPQ	75	0	0
PEPAWEEAP	74	22	20
NSSPWWPLA	83	100	83
ELENWAGSM	62	25	23
SPRPWTPED	66	22	17
EQSRWGRRA	63	0	0
KSPSWMSKS	60	44	35
KCAAWLKVK	62	41	34
KSWPWTPIA	66	99	65
SAGHWTSES	67	1	1
GSPPWAANS	75	27	24
SQGLWSDYS	65	30	27
SMVQWLNPQ	71	55	46
IGGQWRGTS	67	21	19
VVKQWDHSE	61	17	14
QFGQWDTAG	54	32	26
GPPDWPLPP	87	90	83
ARRRWGPAC	75	15	15
RGQEWRPAP	69	25	21
LQPAWTPLQ	78	84	68
EIPAWGQLH	82	55	51
ADNLWTHQN	73	12	11
NSGDWPGSY	73	8	8
LPGGWSPQA	75	70	60
PGRGWPNLT	71	59	50
SGGAWAGTL	74	47	42
SLHPWGPSP	76	72	58
SSPGWSAVA	79	41	38
GSTPWGPAP	82	68	58
DYHQWNSAG	66	2	1
LPGPWKGKC	68	56	45
QTQSWRRVL	49	36	25
SPTHWEQPV	76	33	31
GAEDWKKGA	62	0	0
PVKAWRQDV	66	34	31
DQHQWKHMN	63	5	4
QESCWNKQT	67	0	0
RGPRWIWWT	75	98	74
DFDDWEPSE	43	13	12
ESGCWGSMG	83	18	15
GRGRWTPTC	66	23	22
MAIKWSNIY	75	88	68
EVEEWEEEQ	51	0	0
ALPPWDLPP	76	94	72
DSRKWLSSV	55	44	30
LYQKWKQKQ	44	17	15
AAGGWRHRG	80	1	1
GWAPWPRGA	64	79	57
RVADWPPKR	68	20	18
RLDPWKLVS	69	62	45
EYCPWDTEL	56	28	20
EDQYWPDDL	64	15	12
KSKLWEEST	68	28	28
LSFPWPKEN	62	84	55
NNTGWKNNG	58	0	0
ASISWAETS	76	56	49
GGKRWKWKG	63	28	28
PAGEWEGDR	53	4	4
INARWDAPD	70	27	25
FQDGWPRSP	50	61	34
LSPNWPRWQ	63	84	55
PRGNWPPMD	69	39	30
GYNAWDTLP	69	48	42
SFGDWASTI	54	86	50
PSDAWVAGL	76	67	55
LGRRWPSAA	66	62	50
GAAGWSCPG	85	9	9
GGDHWGEGP	73	0	0
SADPWSPIP	73	78	59
NKREWKDSN	46	0	0
REESWGPPR	68	17	13
IPNKWGPRL	64	75	51
DSDSWDADA	68	0	0
GTSAWSAAS	75	18	14
GPWRWKGAR	68	43	33
SGQRWMQVS	56	36	28
FEDLWQRHL	31	69	29
GSAPWHSFS	61	68	50
RSSVWEQDQ	54	4	4
SKTLWGARG	82	37	35
PRDSWMFWA	77	100	77
RARKWSNSQ	64	1	1
HSGPWGPPH	78	39	33
NQPGWRGEL	62	11	10
DSLKWDQPI	62	30	20
MAAAWGSSL	70	86	61
SPVRWLQPA	77	70	56
PRVPWASKT	62	50	43
PGRVWPRAA	68	55	46
EEAAWEEES	67	0	0
VTQQWKQSK	62	7	7
GTEAWGSSA	79	5	5
RGRAWGMRR	68	14	14
ARAPWEPTP	75	41	36
RGRSWRPSK	67	16	15
KNSPWKHQP	64	5	4
CEDEWESRF	30	26	16
ERRSWEETP	47	5	5
VEQGWNQQT	59	0	0
EESSWGGSP	76	8	8
EAEGWEEEG	65	0	0
LTQSWPGPL	83	93	80
GLGSWGPAR	79	32	30
PQHLWRQPR	64	33	31
PSQAWREQR	52	4	4
MDIFWHQGP	62	87	53
DEDKWPHDM	62	8	8
PPPAWLKGP	68	94	67
GPSSWPPSG	71	37	35
RPPDWTPHG	72	33	27
SLPEWEDSL	49	41	30
DPVEWVEGN	66	3	3
IHEQWEKAN	47	3	3
RPRRWAAHG	69	10	9
SGDVWVPRG	66	35	30
GPGSWESPL	73	50	40
LPRPWAPGG	73	80	61
SSPKWVSSK	68	34	30
SDDRWFDPL	52	73	45
MQPSWHSLT	68	76	54
SCRPWHQRA	56	3	3
SGYEWGRQN	70	2	2
QPSPWGPLR	79	54	48
EETDWFDKP	52	31	21
MKPKWEEEE	51	13	11
VKGEWVDES	65	7	6
LPTSWQLPT	69	93	68
SGPGWGGTS	86	6	6
MTHSWPPPL	86	98	85
RTRLWRRLV	57	54	43
SRANWQASG	70	0	0
PRPEWGEDP	57	12	9
SDSSWIETP	59	37	28
RARGWAGVE	65	10	10
AKRTWESPG	69	3	3
DTDPWTLPQ	75	36	34
RVDPWREAK	65	15	12
HLKGWQHRP	58	24	21
GPATWEGAS	75	14	14
TRRTWASPK	66	27	23
PRPDWGGRR	65	16	16
SPGIWPAPR	68	68	51
HFQKWLMDG	62	62	43
SEDVWEEGE	52	0	0
QNQDWTQWN	45	23	18
DPGGWDPGC	76	0	0
DLLPWEPPA	77	81	68
EGNTWCPSS	72	16	15
PSLLWSAGQ	67	86	60
CSTSWAATP	84	62	56
YVDSWSGSE	61	29	27
SARVWKPRL	61	57	42
PQTWWAQDL	63	73	53
VTGGWGGPG	74	18	15
ISSTWLEAA	53	69	43
HPRLWGLAP	78	89	71
SRQPWALYP	68	85	63
DNGGWSSFE	51	31	23
ATEGWSAAD	76	4	4
AASTWGMPS	73	60	49
NQKLWERNI	47	19	10
SRLRWGFSR	66	80	57
TRGPWKTMP	68	63	46
AMKEWPQPM	69	58	43
DELDWPPQA	67	26	23
PPPPWPPPP	90	100	90
EGPSWREHP	68	11	11
RAQSWGGAP	71	22	19
SSRSWQHQD	70	1	1
TAHSWQRSR	71	6	5
QGDTWSSPR	65	6	5
EAGAWGGDR	76	0	0
RMRRWSKTA	58	25	21
ESSDWMKTV	64	34	29
PFPTWPGCP	74	99	73
TDKPWRPYY	61	46	37
RSAPWVNKP	71	37	28
MGSSWQPGP	63	30	24
PWDSWGSSR	51	69	42
SDESWLDGY	58	38	32
AGAAWAGPG	87	7	7
KGPKWEKSH	72	3	3
GQTSWDSGC	78	0	0
SQRDWQNES	53	0	0
GGGDWAGGP	71	2	2
FPTSWDRSI	45	95	45
RGQSWWGQV	62	58	46
QETEWQSQE	60	0	0
GSSAWLDSS	67	33	26
GDRAWVPPL	83	94	78
NPRTWTSPS	67	37	32
LQLCWSPPP	73	95	71
GPDRWKETG	60	1	1
RDSSWAPPP	78	87	68
EDETWRWTW	48	88	48
RGPAWVGSH	74	29	26
ERKKWQGQM	49	3	3
ASPRWPPLS	74	80	64
LRNSWNPSS	66	30	28
SGSCWTGAG	78	0	0
STKQWRSWG	52	45	31
GDDDWTHLS	61	17	17
STQPWRKLP	58	49	35
KPGLWSTLH	69	67	50
CDQGWPLWG	76	71	57
RDDNWGETT	71	0	0
SGPLWDANP	66	40	33
DHRDWDHYK	58	0	0
PFEPWQRTP	63	92	61
SESAWARST	70	15	14
HLEGWGHNP	77	20	19
KTTSWLDPR	70	46	41
RAAWWETGT	65	50	40
RASIWGPAG	77	36	29
KQPRWREGT	55	2	2
VKEEWQDED	58	0	0
MRPDWKAGA	66	24	21
PRTGWTAAT	76	43	39
PIDLWLDAP	65	96	63
DGAIWNPQS	72	16	16
PAGRWKEGR	57	10	10
GAGPWQDEL	58	5	5
RGAAWLRQR	62	34	29
PLAPWSPPP	84	100	84
SREKWPPGG	77	15	13
EGPEWEAVC	74	9	9
RPQGWYNHS	63	10	10
AKSWWRSQR	59	41	32
SVRGWKPRG	65	21	18
RLSLWAVPP	81	96	78
PTMRWFLPD	76	89	69
PSLSWPRVS	62	72	50
TSPRWPSTP	61	63	50
RGGTWTPRL	59	67	47
YPNPWGLPC	69	82	61
NSSGWDESS	70	0	0
WPPAWRPRG	70	92	64
PPAGWSREN	69	27	25
ETESWRSGE	66	0	0
LRRPWDQAQ	42	15	12
HAGVWPRPP	73	73	58
GNCSWEAHP	74	5	5
SPEPWGRPE	75	10	9
PKTGWHSPR	70	30	28
SANKWSPSK	68	6	5
TNSQWESPH	64	16	13
MRHPWKHHV	51	38	26
ERSSWRNAD	62	0	0
PASPWDSKK	70	26	22
VEPPWHMPP	75	89	66
SLPLWPLPK	82	100	82
PGGSWGSGR	82	13	13
DRQSWPSPA	81	43	39
DALRWIPKP	68	61	50
AANKWGRSG	70	3	3
DDLEWASQQ	63	5	4
PSRGWHCQD	65	4	3
DGTGWNSFQ	50	30	25
EPPSWPSPT	80	63	58
WPPPWRRSP	65	97	62
RSTRWARSA	63	22	17
LDTRWYEPQ	64	34	30
SGNLWTRLG	66	53	45
VPDDWKEVA	55	19	14
KTEKWSSQP	69	4	3
LTTDWRILS	65	76	52
AAGGWDLPP	70	56	47
STAGWAQGC	74	2	2
CLITWSSSS	75	81	62
FSDDWQLPE	55	62	45
EGETWCPSD	78	2	2
EGRSWPSAP	73	48	40
RAGSWDMDG	73	6	6
LPPGWEIKI	58	91	57
RGAAWWERQ	59	44	31
PSACWSLTS	84	78	71
RPGGWAPDG	67	8	7
SKDSWHMRK	74	17	15
LVKSWPEEV	51	57	33
HLQRWPHHS	70	23	20
GWPFWMGSP	70	99	70
PEEDWRRPP	46	9	7
QDTPWLLPQ	77	79	62
RNSPWKTPE	66	13	12
LRSPWPMTA	70	92	68
SGSQWKCKH	70	0	0
RRHSWRQQI	48	10	8
LKQAWVSQG	71	28	27
RRKQWQEVE	50	1	1
LYPTWSARD	70	86	63
RLLEWTEAA	61	47	37
AEPGWVDPL	59	47	37
SPEPWARPS	68	25	21
QTRTWSVER	67	19	19
PAGRWPLHR	69	48	39
RSSSWGRNR	67	4	4
EFDDWEDDY	30	14	9
ENSHWGQQP	73	1	1
KTRRWPGPE	70	15	14
SGPTWLPPK	74	77	62
RVSTWRRTG	51	26	19
PAAPWEDPR	72	26	23
AAPGWSSGS	83	23	22
HEGPWLSLP	61	84	53
PECDWRQPS	59	4	4
SSGSWPKYP	81	59	53
LDRTWDAAG	64	21	20
RKSRWDETP	50	5	5
IRRNWRKSG	42	9	6
NSGDWGWDL	58	61	41
RYSDWTADA	73	10	9
GKGQWPAPG	77	16	14
DSAEWRRRR	52	0	0
CSLSWNPSK	79	48	46
FSRGWRVNP	54	73	47
APSPWPLGS	69	83	61
TKPCWKTQA	77	10	10
GEHSWDLDR	62	7	6
ERGAWARQS	65	0	0
GVKSWAQAS	76	15	12
PKKVWTITS	70	67	51
GNMGWMRPS	71	48	39
RERGWPFWM	73	100	73
VPEEWQHRG	56	10	8
PETKWSGEA	62	15	13
PGGGWTQVL	69	55	44
VERQWEAGS	62	4	4
PDDPWARPP	64	35	30
TPEPWGNPP	69	38	32
SATKWSKEA	63	7	6
LRERWLMDG	73	41	32
ESGSWERGV	57	5	5
KEVPWSPSA	78	42	39
ATPKWTNPS	70	40	33
PTGTWTVSG	69	57	42
GFGRWSFLP	66	100	66
PRGLWAKGS	62	33	30
VHLTWTKDK	66	62	49
MSTSWSDRL	55	60	37
GGFEWDDDF	47	44	28
ANFSWNKRT	57	50	36
GPQCWGRKK	68	3	3
PLGTWRGSI	66	83	60
AGPLWPPRR	64	71	52
PPLPWPVGS	90	100	90
ETALWCTGH	77	36	34
SQSKWGPTS	79	24	24
PSRRWHDRG	49	12	11
PQCSWQAGQ	76	2	2
RAPSWSSPS	81	45	40
QEPRWEEKG	56	2	2
RTSPWQGTR	68	12	12
PSRPWRDLP	53	48	32
RTSSWPHFL	77	99	76
RSRSWPASP	68	45	38
SSEPWSESS	71	5	4
DLSSWLPSS	63	70	50
GPSPWGLLE	78	62	51
PSPVWETHT	73	56	52
SKKHWKSRE	60	0	0
SLGGWALVS	68	75	55
DQDFWCPDS	62	37	35
LTPLWRPPT	76	97	74
RSGKWKNKS	54	0	0
RRACWAWGP	70	79	61
IDPTWIESP	53	60	37
KPLAWKGRL	72	56	46
LAASWPQNR	57	40	31
EKASWRAEK	61	0	0
PRRDWGDHG	60	3	3
DSGHWGSSG	77	0	0
HWRPWRPDK	57	45	34
PTGPWTMSA	74	80	63
PLLQWPPPR	74	98	73
EDPKWSNPE	67	1	1
PCGTWSLRP	73	75	59
TGPGWHNAP	70	16	13
RGGSWQMTP	63	45	33
KHPNWTNKQ	69	4	3
ANVQWSGDE	73	4	4
GEGKWPAEK	64	2	2
QEPSWPALL	78	94	76
QKSKWTPLE	70	29	27
VHPSWPWCA	74	92	70
HQQIWNPDS	71	7	7
GTSAWGKPI	69	41	36
FPQGWSLGY	58	97	57
KAPSWEASA	81	27	24
DDQEWESPS	48	1	1
GSSRWLPLR	65	76	59
ALLPWRPSD	87	94	82
FRRPWEEDF	34	78	30
PQKLWEDIP	54	42	32
RAWGWEGDS	54	30	25
RKRPWHDGP	54	6	5
SGEEWDSSE	65	0	0
FKDLWTKLK	50	89	47
EELKWASRP	68	21	19
SSGPWAPGM	77	71	63
GSEAWGPGT	87	6	6
AKERWSKRA	53	1	1
NSSRWPSCT	74	23	22
AQSRWGRAS	75	3	3
FQSDWLSKR	38	58	31
HQGQWPPAD	70	6	4
QQPTWHDQP	62	3	3
GSSHWAEGS	75	1	1
SPQTWPRRT	56	31	25
PLRPWAGGD	64	58	42
ESKAWESNN	73	0	0
APNPWLFEE	66	74	54
PSLQWCWVR	69	86	63
SQSRWPSRP	67	30	29
SKGEWEKRS	53	0	0
TEGSWSPEL	55	40	30
MNSSWLPGS	68	66	58
PPAQWRSHP	65	48	38
LLEPWAGCN	73	66	60
APREWGPHH	76	14	14
PPSTWTGRS	59	65	49
EGQAWLREG	63	12	10
SGRLWSEEQ	64	28	25
SRPTWISKT	76	59	46
YRDLWEPPR	67	38	34
ISKPWIPSS	65	80	57
DVPTWREHP	66	31	28
PARPWSSAS	69	59	50
GPQPWGHPS	81	13	13
QEPQWSLPS	71	42	38
KNEFWSPSS	66	54	44
TKLEWRQHK	55	9	8
GATAWGDLF	58	84	53
KLLPWGSMG	75	91	68
LTGSWGHGP	65	43	36
FTPAWPQSQ	72	92	66
GDTDWAPGV	83	22	20
KLALWLPSP	74	98	73
FAVSWPSQT	57	98	56
LKHLWAPTG	75	81	60
STSSWSDQT	74	9	8
AGGEWSKSH	74	0	0
TEEVWIPGE	77	42	36
GGGPWLEDE	59	11	9
HPMLWSVSG	80	91	73
DDQEWESPR	52	1	1
PKPAWEEPP	67	33	30
QAVCWPSGW	77	77	63
VKWSWGQPG	65	68	52
ERKRWWRGA	48	38	32
PTRVWSGPP	74	76	62
KDLVWDGRT	63	24	23
RGRAWPGPP	76	57	48
HSPPWSPQK	68	23	22
CNTRWRTQH	70	3	3
HGGGWGPSS	72	11	10
HPRAWPPSP	71	73	59
PSAGWAGDA	72	15	13
LLASWHGGT	69	87	63
VSPSWPGWS	76	92	72
GELRWPLES	59	44	41
SSGDWTQKD	64	0	0
QSSLWHSSD	69	38	31
MSVEWNGDG	63	19	17
QDRLWAPEE	66	24	21
TTKGWGRSP	71	15	14
DDDLWSSRG	69	10	9
KGRHWKKKG	55	0	0
SGRIWEESH	59	8	8
SQSDWSRNG	60	0	0
TSELWKRNG	61	23	17
HRHHWPGPG	74	17	16
LAPPWNGLA	70	94	67
REERWCETR	53	0	0
CTPSWATER	74	31	28
DDCCWHMEP	68	10	10
GGNSWAGSR	67	2	2
NMLPWSLQP	66	91	61
ELEDWVDAQ	62	10	10
EFIAWGPTG	78	93	73
QPGPWTTCP	68	38	32
GDVDWASGT	79	7	7
PQFGWDHSL	52	80	45
KEKWWDGQR	54	18	14
LRASWPEQA	61	45	36
ADRPWEGVA	71	10	10
GTPPWDSPQ	63	16	14
GTDGWGLPS	78	33	31
AGVQWHDLS	71	21	20
AAALWREAE	76	39	35
GSEHWGTQP	74	2	2
TKEEWSQDF	38	29	20
TSPSWGKGA	84	21	21
IRAAWSPPS	61	69	51
PALSWARGP	65	87	62
SRMGWGGRR	66	22	20
QDSEWSKRE	55	0	0
TTRAWEELD	70	17	16
KLGLWSQEH	64	46	40
EKAAWNDSQ	61	0	0
AVAPWGSAG	86	58	51
GLTSWGHDH	74	21	17
PGGIWDPAG	76	23	20
DTVNWYSSS	74	37	35
GAPGWPGLK	76	41	38
REPDWVSGE	73	10	9
SPCTWASGT	80	27	26
SPGAWNGEP	73	6	6
APREWLSTL	60	70	48
AAALWISEG	80	73	64
QARAWQGAM	67	22	20
PAGNWGPPG	78	38	34
PHQDWAAVS	70	23	16
PKLAWVGDV	71	66	54
PLSEWRASY	51	65	38
RKTSWPPTL	74	82	63
PSQVWQPSP	66	43	34
GSPWWRRSG	61	53	40
CPEGWAPTP	68	46	32
STPAWRPGR	78	45	43
PNFRWAIPN	73	92	70
RDSSWSRRS	53	6	6
GLGPWPRVT	64	71	55
PPRGWSEEL	57	43	31
SVDIWRIPE	65	48	39
GQPEWKEAE	66	0	0
GHRFWRPQE	60	36	32
PDPAWGGGG	82	6	6
LEDAWGETG	72	8	8
QDAEWGGGE	76	0	0
DASDWTSSD	58	2	2
NSSPWSGLM	67	71	55
AASKWPKVE	67	20	18
EDFDWSEAL	66	35	30
DGFSWLLPP	81	100	81
PPRVWGVQL	65	89	60
SGPSWSEAC	71	14	14
HEGQWSPGR	74	4	4
DKASWEEKP	59	1	1
KRTNWKVAT	73	23	19
CQLDWHGDS	62	7	7
EAASWGDRG	73	1	1
LQWCWVRRT	60	80	52
APGSWPTRS	76	45	41
EAATWGHRF	62	49	38
DRSDWLIVF	76	98	75
YNSSWPPFQ	76	88	71
PDGTWRKQR	62	9	9
RQHEWLSAS	69	32	31
GEEMWSSKP	66	21	19
GGSLWIRTR	57	59	43
STTHWEGMP	62	38	27
PDPEWGLQP	69	34	26
VLPKWHQVA	66	83	58
RTLPWPGQP	71	70	53
GGHRWGGRP	71	0	0
LEGPWGGGR	72	24	21
GGTTWAGSS	73	16	14
RRELWPPEK	62	32	28
HQGGWKQVE	69	0	0
PDLEWEGGR	58	12	10
HRKPWGSHT	68	4	3
LPQPWMKTS	60	84	53
APAHWPPLS	80	85	71
DVCKWQSPD	67	6	4
FFGLWYRGK	59	100	59
TKKKWDRKL	43	6	4
KPGEWLPRG	72	33	30
GEDTWMLPD	76	55	47
LSCSWDSEG	57	27	24
NPPTWSISR	70	59	48
TGFSWRGGS	68	67	54
RERVWGERA	63	3	3
SLSDWSEST	55	17	12
QASSWEGPS	69	9	9
RLLRWHHRV	60	66	49
NKEQWDQLP	42	11	10
QVQEWDRGQ	61	1	1
PGTSWTTRS	65	43	35
RATTWTCGA	81	17	16
AAIDWGKMA	83	55	51
SASGWSTGC	83	8	7
SSHAWAEVP	64	47	37
GPVLWPPRE	75	84	68
APKTWTSLA	59	69	46
GGWPWVSRE	65	56	45
RHAPWGGKK	79	8	6
SGPAWAPAE	81	30	26
RLSLWAAPP	83	99	82
AGKEWPRSS	58	4	3
RRRPWGLEQ	76	15	14
ARSSWGEEQ	72	0	0
SADSWGLRA	67	36	30
LSKTWPRLL	54	93	51
TQTPWSCAE	80	16	16
DPLTWLSFQ	76	96	76
WPETWPAGE	66	67	50
KRGKWKMFV	54	88	53
NQEGWKKES	56	0	0
VEGAWRDGG	70	4	4
DGSRWLGGR	67	19	18
AESGWRSAL	69	33	29
LPEAWGLLD	63	79	55
APTRWWPCS	72	84	65
LPGWWLPLE	67	100	67
DFLKWWRSE	44	73	40
PKGKWPTPH	78	50	43
KASSWTSES	73	17	15
LELPWLEQQ	65	72	51
SPWSWGDRL	63	76	55
ALGSWGSAP	74	60	50
PPPPWQGMP	76	96	74
TRESWDSAK	63	4	4
HTDDWAPGP	75	16	15
QSSFWGRKG	63	37	36
GAGRWGPGS	66	6	5
LPWGWTQTP	61	97	60
QKSSWLMLK	69	77	60
RGSSWSAQN	78	2	2
PEDSWLLLS	70	85	64
IPGDWAGCS	64	45	39
AGAEWEPLG	78	21	17
TRTAWSPRC	74	33	31
SCDSWLQGP	65	31	25
EAAQWFPPQ	73	73	56
QQPPWQIPQ	69	26	21
RGPCWCVDR	81	15	15
SDSSWNLLG	71	55	44
GSSPWPSPK	72	52	48
SEGGWTKVE	64	4	4
SGPDWNPNT	73	6	6
TRTSWENSQ	66	3	3
EGPGWTILR	68	49	37
RARRWVGHG	64	17	17
GSTVWLDET	56	31	22
SSKSWSSYF	51	85	44
RSAAWTPRP	75	54	51
KPLQWPAEP	73	42	40
AASRWNGET	62	0	0
SLGSWINSS	67	54	46
GLSGWEGPS	60	28	27
ACPRWSGPS	74	30	25
MAEQWLQEK	53	17	13
RETGWKPSG	74	9	9
ASTPWSSSP	68	42	37
GRRGWGGSR	71	0	0
TAPAWSGSG	77	42	38
NSGIWESPE	70	9	9
ASCSWSRVT	70	32	29
DEQRWGKGP	61	5	5
SSPSWPLSK	67	56	49
HHRRWREPG	54	1	1
RNRGWKPMR	62	20	19
PVRQWGQGG	63	24	19
VVPEWASCL	72	91	70
RRDDWPPGC	65	14	9
LAGHWPRDS	58	39	28
NSNQWSEKG	70	0	0
PGGQWKEDR	58	0	0
SSTPWASEE	59	23	21
QAPHWKSLQ	70	24	23
SFRHWSGPE	56	57	40
EGQQWEIAL	55	41	29
PEPPWHCGD	69	19	17
SVRSWDELP	44	35	24
GHYSWPSPA	86	60	55
PATSWEPNE	59	18	15
QQVRWEKQQ	66	1	1
SSGSWKPEN	68	4	4
STSQWEDEE	64	0	0
KPEEWDERA	56	2	2
EKTEWLDSF	46	49	33
RGPEWEVET	68	7	7
ASDIWKPVL	76	82	67
DSENWRSLR	55	17	17
VYGEWVPVE	75	59	51
HESNWVTPA	79	41	39
RSPRWKHRS	65	18	17
SDLPWEGAA	66	28	23
ANGIWEEEP	60	3	3
QKWGWHRGE	49	21	18
AADPWGGPA	66	6	6
QRLSWLRAQ	63	49	39
HRAAWDSQQ	69	3	2
SRPSWNSCQ	61	11	11
RPPGWERTR	65	10	9
LSQPWPLRE	61	60	45
SSFAWGLEP	72	87	64
TGPGWGVSP	75	33	31
AGLGWPRQQ	68	18	14
GRGLWLGRL	68	74	54
SSFTWGNNI	69	74	57
TELEWDDSY	66	17	16
QDPEWKPKT	71	3	3
AQSRWPRRG	60	2	2
SAARWRTRR	59	14	14
PGAPWAFSY	71	96	69
SCSVWHADP	74	18	16
SARAWELPG	81	38	33
DSAEWEQPV	58	7	5
PPGPWTSVQ	68	68	55
QIYPWMQRM	63	79	55
GEQTWESEG	75	0	0
SQDVWQWML	67	94	64
SVHRWARPH	72	27	25
PSWTWGRAP	70	91	63
PPLDWGPQR	71	63	51
RPRKWWLLM	75	100	75
PQGPWGQGR	79	6	6
HFSPWPRTL	60	95	57
DTIAWRESQ	68	23	22
DSYSWVPER	67	33	30
RKSEWSDES	68	0	0
KQQRWKEPL	47	10	9
RAGTWRRHR	60	10	10
GQQVWHTAV	70	24	19
PPEDWTLVE	63	46	35
GAPGWPPAP	85	69	60
HPLPWSMRQ	74	86	66
WAGRWGGAG	65	43	41
VETEWRKRK	54	5	5
AEAGWRPAA	79	10	7
SQKPWTEQS	57	1	0
NKEIWTSSP	59	34	27
QSQHWRARD	66	0	0
GAPPWGSLQ	80	53	47
KRKYWSKEV	47	14	13
GLKDWNKER	53	3	3
RPASWSPKS	72	33	29
GSSPWSPSW	61	87	54
RQKSWTQKI	56	15	11
KASGWSSIY	51	52	30
EESPWNDAS	62	0	0
SPEPWGPSP	75	37	31
PAANWLHAR	69	65	55
KPSEWETRC	63	2	2
PPRPWTPLQ	78	91	73
RSRWWRGGT	57	42	33
EDAQWGVEG	71	1	1
PPPRWPSRP	68	79	56
SLGTWRPSQ	71	41	34
PPRSWLSLC	59	92	58
WPGEWGPGF	62	96	60
PPAGWGEPP	74	64	50
HSGSWPGHR	75	9	8
DPATWKNSR	66	5	5
PAEDWPSKV	65	33	25
PGSPWGPVG	82	58	52
ATLQWGRGA	77	44	39
DARPWLPSP	74	76	60
RPRSWASQH	65	14	14
GFQTWPRDW	57	80	51
RGRLWHPDD	70	19	18
AAEDWCEGA	75	0	0
GALPWARGG	75	40	36
DRAEWADID	66	8	7
GNRSWLEEF	43	47	23
TSRNWGSSF	42	70	34
HSLRWRPRR	59	42	37
TGSSWELQG	70	21	19
SHPAWVPAP	91	91	83
GDGSWTSPS	63	4	4
MDVEWRPGS	73	22	20
ARVQWRQSQ	65	15	11
PSQAWNADE	76	4	3
SSPGWSWEA	70	60	50
RPPRWRQKL	59	32	25
AKGTWRKIK	58	13	9
SHAPWEENG	67	2	2
AEQQWDKKL	47	3	2
PSATWTPLA	76	95	75
DEPPWSPAA	74	28	28
STPSWNASS	77	34	31
ASCSWQRPP	68	25	23
AGPHWASSP	80	32	30
REQNWKRPS	52	2	2
GKPWWAPAV	77	98	76
WPSSWPPPS	67	97	67
PYTPWGQRP	74	64	57
APASWDFGV	73	86	65
EGRKWDHEA	60	0	0
GYDDWETDE	59	1	1
FPLAWPPPQ	85	100	85
RTPGWHQLQ	59	21	17
GGKIWQGEP	65	7	6
PSPRWGLGC	77	49	44
PIDMWNKFQ	48	77	39
SRKSWSPWL	71	93	68
GHRPWARDS	62	3	3
HGDAWGPER	68	1	1
SVLDWSPSP	74	66	54
PLRSWSMPE	63	77	54
GDEAWTTSG	61	2	2
AGGSWGRPG	75	1	1
ARASWPETE	71	19	17
SGTSWGTRD	75	6	6
DEASWPGKQ	65	1	1
EPSVWEDTP	68	20	19
EGESWKHRD	61	0	0
GVPEWTSQR	73	21	20
EEGPWDQMP	46	12	9
PEAEWTLPD	64	39	30
SARRWGRGG	75	1	1
SRGGWQPQT	69	4	4
PSPAWTGSS	78	56	48
GVTTWESPF	55	87	52
DDEKWGRED	65	0	0
SDASWKPQN	74	1	1
RYRSWDVPQ	73	20	17
DVPSWPPTK	71	39	35
RKDTWKLAN	68	28	23
RHRSWDQGR	55	0	0
IQGQWHPFT	72	80	61
DCVRWERSK	54	10	9
SLEEWTDEG	54	4	3
QAGGWRKLP	52	26	20
SPYSWSRSG	71	37	32
SRPDWAIGE	73	26	24
RDRDWSHSG	53	0	0
VSPDWAAAP	72	60	47
PRACWEGRI	60	35	24
APGKWQQQG	59	2	2
QRGRWGLRG	58	19	14
SDLKWQWEP	63	57	45
SVRSWPREE	48	11	9
DLRSWEKKQ	45	7	4
EFSMWHGST	52	71	41
KKKLWSLRD	50	32	27
LPSRWASRS	54	63	40
PAGEWSEGS	56	9	9
GGGGWGSWG	64	41	37
CWPGWSRTP	65	65	47
DHRSWGGSG	74	0	0
AERSWSCSR	69	1	1
AARKWRCAG	66	3	3
RIADWPPRK	59	29	27
PGSGWAAKG	74	13	10
TPMDWQEQG	69	20	17
ASGSWERRQ	61	0	0
GWEGWGRRG	55	24	21
TPSSWGRSQ	69	28	21
SGGAWPEPG	86	14	14
GTMQWLLER	74	59	50
SILRWLPEK	69	64	55
SPHGWESPA	70	18	16
GNRTWGRLT	61	31	25
NPRAWECHR	75	2	1
GRPHWSPPE	79	36	33
RYRNWNPPL	67	58	47
PRNSWDRGT	54	6	6
TRRLWDPNN	60	28	24
SGSGWGEPW	52	45	37
RKFSWGQQR	55	37	26
GRSAWIRGR	67	24	22
EDGDWEWSD	44	12	10
SDYQWDVSR	67	8	7
ASEGWAPPH	75	34	30
APPRWQTGG	77	37	32
PGGGWPWVS	70	85	62
GAARWYPRA	82	34	33
KKQAWVSPR	77	28	25
TSTSWVAGT	83	58	50
SPSSWDLQP	71	47	36
HPQRWEEVP	62	23	22
GGTGWRESL	63	17	15
PQSWWAAAA	77	84	67
GKRNWKTRG	57	0	0
TPPGWQGPP	72	56	46
GQPQWSALF	56	93	55
DNPTWSTQP	79	23	21
STQAWQKRR	64	3	3
QTHPWRSAS	65	9	8
NQRSWNAKL	63	23	18
TRAPWRTPA	66	39	33
RPAHWGHLV	71	65	51
DSFPWPASH	60	72	51
APSTWEESG	61	13	11
LRSDWHASS	65	42	29
TPDPWGVQG	77	17	17
RIRGWTAES	63	23	20
SRLRWWPPL	80	100	80
GGPAWSGSL	77	49	44
PRRPWASRV	54	47	35
EDECWSDTE	58	0	0
CTSTWAPCP	86	69	61
GTNSWERDK	61	0	0
EKKCWERST	52	0	0
DNPDWVSEL	57	13	12
GPWPWPSPG	75	95	72
ATGSWPRGT	77	22	19
ANENWHGMP	60	21	17
PTTPWQEDP	54	24	19
PPVGWALVP	81	99	80
HTQPWYRAA	73	31	28
DTSPWGLGL	74	73	60
VIPPWQQPI	78	96	76
PSDWWVVKS	61	76	56
LKTPWRPAP	64	86	57
PCWAWEESQ	67	48	38
PGRSWMIQG	78	52	44
TRGSWLPEE	66	38	38
GRPTWGFSQ	69	65	49
GQPSWWGDD	54	33	28
NISNWDTEQ	58	9	9
KGASWARTA	66	15	13
FSAHWRNST	52	77	43
KKRQWALED	67	12	12
KRQSWHQTP	62	12	10
NEPEWKKRK	58	0	0
DSPRWRGRR	56	8	8
GKNHWPIDE	65	5	5
TSNPWLQLE	60	63	44
GGSRWPGGP	78	14	11
DSTLWSQSD	60	31	28
PQESWDEGD	51	1	1
EMRNWMTRQ	63	21	19
PHRGWPHHH	76	15	14
RSRGWGQQD	64	0	0
TSPKWAHDK	74	14	14
REREWQKNF	26	20	13
GPRPWLRGQ	62	38	32
HLQPWIPRP	71	86	64
MGTPWTGFS	50	97	49
GAQAWGRQA	80	1	1
RRRLWLRTS	56	61	40
SPDHWHGRF	48	58	32
SPSPWPSQA	79	54	47
PNCTWPHSV	71	56	51
DDDFWVRVA	63	67	45
IDDEWSGLN	52	15	14
GGSQWASSD	73	1	1
TPGVWKAEA	74	30	27
GTHLWRRSS	58	37	32
QRSGWSKES	62	0	0
SKSRWSLRV	65	64	50
TKGGWQQKS	67	0	0
PPTYWPTPR	71	96	69
PPGPWRWKG	81	84	70
RLAPWQASP	66	60	44
SAGFWQPGP	74	74	55
TSKNWFKIT	57	72	47
AVRSWGPWK	72	74	58
EALTWSGPP	72	65	53
NPHRWSVGH	87	16	15
SEDCWEARS	61	0	0
SPARWRRKW	47	39	29
ASKPWDISL	62	58	42
AGACWLHPH	74	45	36
PSERWSRMQ	49	23	18
TEAAWSRVE	70	13	12
PLLRWSRGR	63	85	63
DGTGWANKQ	73	0	0
RYPDWNPEI	66	45	38
VVSQWSTSA	66	61	44
HPRSWTRPP	52	51	35
LEEPWLPRS	62	65	45
TPQPWQLPC	76	56	46
TTSTWPTTS	78	77	65
GGAQWGPRS	74	2	2
KAQEWDGTP	66	4	3
SPGTWLEEI	52	37	27
GAPEWAAPH	85	26	26
SEDRWSSRQ	57	0	0
VSGPWAGAP	72	58	46
PSGVWENPP	68	35	28
HPKLWAAHH	70	51	44
NVTSWREGG	53	3	3
ARAGWGARR	76	1	1
TGRGWREAL	57	26	19
GGPLWGPGY	80	61	52
PRPEWDGAA	68	17	15
GFLRWTTST	63	86	57
KGLSWTPYP	80	82	66
QPSHWAAGD	79	4	4
LEESWEHSK	61	15	14
QAEFWTDGQ	60	30	25
ESSSWRDSS	62	5	5
GGRDWGEHN	69	0	0
SGAPWYPIN	79	64	55
GLPSWGRAP	74	64	56
IKSTWSSGP	66	53	43
PSPGWSWDS	70	72	56
SAQIWPARR	59	35	29
ERQPWPSEP	63	12	10
HEKEWEQES	58	0	0
PLKSWVAGS	62	68	50
DYRRWSAEV	62	24	18
QHLQWPRHR	65	24	23
KPSFWPTAQ	65	84	57
PTSNWLTAK	70	49	41
PTARWPPRR	64	53	49
VSTTWHSND	75	24	22
LSQEWSSVE	59	24	20
KDTEWRSVT	73	19	17
LRQDWAPSL	66	62	47
LGRHWGAGW	52	77	45
SRRSWGQQA	70	0	0
KKPKWDDFK	50	19	17
EPGPWGGPA	74	11	10
DSSSWSHRY	72	26	23
YGRRWRRKG	44	3	3
PVPAWPGVP	85	99	84
WSPSWASPS	71	92	69
DDEDWGSLE	62	4	4
QQSSWHGLG	65	20	18
ESSTWANEV	68	16	15
SVQPWERRT	62	20	18
KSNRWPQEN	66	0	0
DKSSWGRTR	73	2	2
QKSQWPECP	64	11	8
SMEPWMEPL	59	82	50
AKRKWTPRR	62	18	18
KPNAWKANR	69	3	3
SPPEWEDSL	51	25	23
GPGAWEAVA	79	25	23
GPEHWHKDF	51	31	20
PVLLWQKIP	76	100	76
ATHRWGRQL	69	26	23
SAENWNLPE	65	14	12
PEAEWEVQP	68	25	19
GSPSWSMLE	73	67	53
NATAWSPSD	70	8	6
EEKLWKRQA	53	6	6
RRPDWAVAG	76	22	21
DFDNWSTFR	45	70	37
SLVPWPPGR	74	94	70
RNELWRGLA	60	43	31
AGVQWRDLG	69	21	20
RLPAWQPIL	77	100	77
QQEPWGEAA	69	0	0
SLKSWHPQS	69	38	35
PPKAWNESD	67	29	21
IFKPWKWRK	60	94	55
SSPCWSPEE	70	14	9
ASDNWGETS	75	0	0
FASLWHSGR	52	89	50
TRTHWVPQA	73	46	40
EYTNWEAKE	59	2	2
GKSEWLDPS	56	24	22
ATAFWTSTS	70	91	68
TQETWGEFP	58	58	45
KLSSWDQAE	49	18	17
ASGEWELLR	58	25	23
GHSDWSVGS	76	11	9
GMRGWQQKQ	61	7	7
EEDGWGGAQ	78	0	0
TPPTWNEDF	68	73	58
EPPGWGQGQ	69	3	3
RGQPWSLGC	70	28	25
SEEDWMRII	42	56	32
GWPLWGTGG	82	83	70
REPIWRLRA	66	59	51
KPSRWDTSK	61	11	9
LPPTWARKP	64	88	58
GHQVWEPEE	77	1	1
ADEKWNEDA	59	0	0
RKNRWDETP	59	3	3
GSSSWRRRR	54	1	1
PAGAWRGRP	73	27	25
TPHIWNRLH	59	56	35
HPRHWNSLP	58	42	32
SPASWSSRS	76	37	32
NGRAWPRGD	66	2	2
VLGSWGSPP	68	85	59
TGSTWDPTT	82	31	27
RKKDWMCMS	61	37	33
STGSWAPRA	71	39	36
SSDSWNNND	60	0	0
WLTQWPRPR	44	92	44
GPSGWCSLG	62	36	28
LHVPWPRGA	75	86	68
HRWRWASRT	61	51	43
NSREWSGKE	52	0	0
GEKRWNCDL	39	4	3
TRPNWPRRQ	49	10	9
EDAKWTSQH	61	0	0
AAGTWRSAP	71	22	20
RSQNWGHPG	83	2	2
FDSGWKTNT	47	42	30
DINEWSLIT	69	63	49
SPGSWEPNY	72	29	22
VVREWLDNI	53	38	26
PPKAWDQLR	51	46	34
PGGPWGESP	70	16	16
RPSAWRAAR	68	21	17
EDSKWSHSD	60	0	0
LLYRWMKHE	49	75	42
QVVSWHREE	68	22	19
NPSGWQNQT	76	0	0
QAPVWRRSA	76	36	36
DRGNWRHAD	55	0	0
RGRQWRDLR	48	9	8
SIHQWRESR	55	15	14
KAGDWARGR	62	0	0
VEEVWLPNN	60	36	21
KGRTWGPSS	71	17	16
DSSSWPKSG	68	13	10
PGGSWERRQ	61	4	4
TLAPWEKAK	66	41	34
MAPGWPSLS	72	90	68
APAGWTSGS	86	30	25
GGGEWGPGV	73	8	7
MGNGWAGGG	68	4	4
RTGLWKHET	69	29	27
PAECWKNSS	62	6	6
SDWAWEAVN	66	39	35
DTQEWERGR	63	0	0
PTRRWSPGQ	69	33	30
GLVSWAEPE	65	49	34
SEPRWHVSA	78	36	33
GSWRWSRSF	52	86	47
PPPPWLPLR	91	100	91
RGRNWSRER	44	0	0
SGPSWGEPI	69	43	35
LRRPWKATR	53	31	22
QRSSWDSQQ	65	0	0
GGPSWDTGP	75	18	15
WEKEWAEAP	50	43	30
CASPWLGQR	62	37	27
PMGLWRQQK	69	56	46
GPVDWSREN	69	19	15
AGGVWAGPP	84	64	56
EGRAWPLPS	66	59	47
TLQKWNDPT	50	15	10
APRTWTGAA	72	40	35
RFSHWRGLR	58	57	43
SGAGWTPTT	74	37	33
QHTQWVETS	68	16	12
PTWPWAAQS	66	85	59
TPPGWQTPP	74	64	50
SRSSWRQPV	66	41	33
EKPSWSSDG	67	2	2
SPRGWEAGP	80	15	15
VGRGWSGYA	71	34	28
SWSGWEDDA	58	29	25
STKKWVTKN	67	10	10
FGPVWYVPD	86	100	86
QVYDWSTGL	66	45	33
PVTPWAAQT	76	81	67
PLEVWTRDP	58	64	43
PSPEWRQRQ	57	18	16
PPEEWERRP	40	13	9
YGKPWLTNS	74	56	48
GKDLWSKRG	62	16	14
EEIRWRPSC	73	25	24
EAQPWLSTS	64	38	31
QAGPWPFSS	75	89	68
ELKMWDPHN	73	21	18
DSGRWAGAP	75	17	16
ESATWKTLG	72	27	26
SGPVWRSEA	75	31	28
WRGTWTCLL	57	99	57
TTTSWTLAR	70	73	57
LPPDWTLVE	68	89	62
EAASWADSS	75	3	1
EPSPWQDSK	73	5	5
PDANWDSPS	62	10	9
PTVPWTPPS	76	96	74
GGGSWERRH	66	0	0
ATAGWSAAG	82	8	8
PSQGWGDPP	67	26	22
GEGAWKPGW	63	50	42
NISSWDKNG	57	9	4
VPGQWQGRT	63	30	24
GGDRWEGED	61	0	0
ASLAWLGTV	71	93	66
GTQDWAKKR	63	0	0
QNPRWWPQP	64	61	48
LLGGWAAWT	73	99	73
RHHHWPRAT	69	24	22
EEGLWPHDE	69	10	10
APPAWGQQG	79	30	28
SAPTWGTIP	78	87	71
EPLAWLPQQ	73	71	55
EHNGWRSDA	69	0	0
VAAGWGPDG	78	19	15
ELASWLPHP	66	80	57
GPPHWGPQR	75	26	26
LPRPWPGRG	62	69	51
SVDQWEDEG	57	1	1
MGDSWEGAP	54	17	14
SERPWPSPW	77	86	69
VPETWPHQV	67	56	44
QHSGWVSQF	59	61	41
QDQAWSLEP	69	27	23
RGPQWKRGA	60	4	4
NKKNWDKAR	51	0	0
GSHNWGTVK	81	9	9
LLKAWQPAE	60	66	46
HGSAWEQSR	67	0	0
DYSDWTADA	72	8	6
EPESWNAAQ	87	0	0
HLGRWSPSS	73	54	48
SHRRWRSRA	58	5	5
SASGWQPGT	74	8	8
HSKAWKGTS	69	2	2
VGHLWMGRR	65	68	49
GRRPWPLGR	66	37	31
GVKPWRLQP	78	49	48
VQGAWDTSG	70	12	8
CALLWKGGD	69	44	40
SNQRWSRAT	59	5	5
TAPSWPSSP	86	81	71
SLAPWSPQT	79	74	63
SAGGWERAE	76	0	0
SPRHWNHRW	45	53	33
ERGRWSPSL	57	47	33
GGNSWDLPG	66	27	20
AQPAWGLSA	81	47	42
AQPPWRKPK	67	17	17
SRASWAREG	73	7	7
SEGLWEIEN	63	24	20
RGAPWLFCD	75	84	68
EDDGWGAWE	60	21	21
YDQPWEWNR	60	34	28
DEDGWTTVR	65	16	14
RPSPWVPAL	78	99	77
NQSDWDSPY	60	14	13
EKQQWGRTD	66	0	0
NGDHWSRKW	42	25	23
PPCLWSSGT	69	89	65
RRSFWDMLS	62	77	56
SARDWSGGR	62	0	0
GAPQWLGTP	74	53	47
ACGTWACTP	76	30	26
WPGSWGQGA	61	70	49
GGSLWPRES	68	36	34
AASSWPHGE	75	10	10
QNSPWKETS	65	1	1
KSRSWCQSP	69	14	12
VEQFWHERD	52	30	27
PAAPWVGDS	71	60	46
VKRGWLSVP	59	75	48
PFPAWSAFG	67	100	67
QSSVWAKTG	73	25	23
VAPYWTSPE	83	92	77
SRNLWAFTG	71	77	56
TQERWLPSS	68	43	40
GPRGWPGPK	79	19	16
VAASWGGWP	61	91	58
REEPWGTDS	65	2	2
SPWAWVGRE	67	76	56
SAQSWRKRR	53	1	1
EGDVWNNAA	68	0	0
HSKEWFHDR	55	26	22
DVQRWEDTV	57	9	7
SGSAWEACS	77	3	3
SEARWRPSH	70	17	15
APGAWSGRL	63	57	42
ESSAWESVS	68	13	13
PKRPWKEPV	55	11	8
PEAPWRRLH	53	34	28
GLHSWHIFS	75	95	72
TSGEWRGGA	61	2	2
RAGSWPHCP	73	41	34
SKPSWLNQE	60	21	17
EASPWTQPG	74	13	12
SQDGWNPNI	59	16	11
DYRAWKVQR	71	11	11
KMADWFRQT	52	48	36
PGGRWGRGR	66	9	6
EESQWTGER	57	0	0
VPEAWRSGL	71	65	53
RGLVWPGMD	76	73	61
EGFSWPGEL	59	71	51
VQGPWAGSC	69	22	21
PPASWPGVG	73	69	59
NPITWPVTP	84	95	81
DRGSWASTA	73	14	13
NSRSWRNRL	50	20	18
DQEGWTRGG	62	0	0
AGSLWIAAE	74	66	55
KRKTWQPLS	72	27	25
PVVAWSDPT	80	91	75
PRPAWGEDT	78	26	23
PASTWSCTN	76	42	34
NSEVWPHST	77	26	24
CHPGWSAVP	76	49	43
PPDSWSSHS	69	35	31
APPDWAQPL	69	59	48
PHAGWPEPA	76	37	35
GSPDWADSP	68	11	11
HDPQWYPSD	71	15	13
RYRPWGGPG	76	16	13
SAAGWPRSD	72	16	16
LTPHWSPTS	76	86	68
LGEMWSEQS	63	39	34
PITQWKGTV	62	76	50
APLHWPGTA	84	85	74
RPCSWHMGQ	82	19	19
LGAQWRRNQ	57	14	13
HAPTWGPLP	82	90	75
QPEGWAEAT	80	2	2
AGHVWMSKQ	68	30	28
GRTTWRYIG	75	47	38
DQDTWDYTN	72	1	1
KDIPWASFP	56	86	51
DDAQWSCQK	69	0	0
IDGGWRSDV	64	17	14
LPATWMRPP	73	96	71
SAAPWAGSE	70	23	22
DRREWGRRS	47	0	0
RSPDWKRSP	64	17	17
GPSTWAGSQ	73	18	15
KEREWRQKL	43	6	4
GLNRWKRFT	54	44	31
PWLSWSPWL	71	100	71
ADSMWRPWR	64	64	51
LQLKWDRDE	51	35	25
LQERWPRAE	52	17	16
SSSEWQEPV	64	15	13
TTDPWALNS	67	44	39
EALPWGLEP	70	59	44
ASGGWAAPQ	80	16	14
PTSGWQEAE	60	6	5
GLPEWCLDD	65	37	32
PQSCWLPPP	86	97	84
KNSTWSDDS	65	2	2
RCPCWPLPA	86	81	70
TPCPWSLKA	72	68	57
QPEIWGSGQ	79	11	9
SPRPWKSNP	67	28	24
VPRSWGCHG	63	34	29
QQLAWAKRE	68	21	20
STASWPGTH	88	42	40
HHPAWPLIH	84	96	83
RATPWYKWS	58	83	52
SGPVWCPSP	79	62	57
RERHWDSRT	54	1	1
GQSVWRGRR	55	4	4
GTATWKPGS	78	20	19
KPESWSKSP	61	14	12
LRLNWGEPD	66	52	40
GRAAWERLR	60	22	20
MELSWGQSP	76	52	45
AREAWPPSP	76	48	46
EITGWDEKA	70	10	7
GMRPWQAGS	77	28	23
SSESWKPEQ	71	2	1
EGRTWGDLG	60	15	14
GEAPWLGKG	53	21	16
SPHSWSHSL	68	56	44
SRTCWPPTG	76	53	47
KGALWAGVA	75	49	43
SRKSWPQVV	72	63	51
PEKTWVRKP	66	32	30
PAWDWQHVG	66	70	49
AQGSWQGAT	77	0	0
PGGAWEAVR	65	18	16
GGAGWTQRP	64	6	5
VFRDWNSRI	48	88	46
PKGPWPPAQ	79	52	47
PKHLWRQPR	61	35	27
TISTWMRVR	60	78	54
PSVEWNKLP	61	49	36
GNNSWPHND	76	0	0
RGYHWDTSD	60	10	9
EDDEWSSRS	69	0	0
CRRGWLRGA	60	24	19
PQYPWQSND	68	19	17
HRAGWPPTL	81	82	67
VSSTWTTTT	79	77	65
GTSEWAVPQ	80	29	25
PPENWTQKH	46	12	10
SPFPWTDQA	55	75	44
GMEPWTAAR	75	32	28
PEAGWDYAQ	66	7	7
SDTAWPPAP	90	77	70
GPCWWESGT	65	52	41
SPESWYRKA	65	17	17
QPRSWRGCA	72	6	5
KEKSWYIAD	75	29	29
PQSNWKESA	61	11	11
EEAAWASSS	69	3	3
GVSDWSQGC	70	4	4
GREPWSKLK	57	17	15
RGDGWPPRA	70	18	17
RDRPWSNSR	55	4	3
STPAWVTEQ	72	41	36
RGEEWERHE	55	0	0
HDNEWEMLS	63	25	19
DRSSWLRQE	47	21	15
TGTCWSHGN	79	4	4
RRGDWKTDS	61	0	0
SPGKWQQAS	66	3	3
SSFQWSPSG	68	68	55
KEPQWGMKE	73	6	6
SAEWWPGPA	74	74	60
PSYMWSSSA	70	81	59
STGSWSNLS	74	26	25
PTGNWHIQG	82	34	32
TTPLWATAG	86	93	81
APKGWAGKS	69	12	11
GPGPWQGGR	68	6	5
SHLPWGQQD	78	30	28
SQGLWTQNR	56	25	23
PGTGWGGTA	76	8	7
GSQSWSSGE	77	0	0
TLEAWPSTD	70	44	36
SLAGWRSPS	70	53	44
QPPSWKSGT	67	21	18
PGSLWSKPT	67	59	51
KNRNWEKHR	43	0	0
RNDPWGRQR	61	0	0
AQSAWGPAP	85	48	44
PRCAWSPSL	63	75	52
MQWAWGRLP	60	93	58
KAGGWPVGG	84	13	13
RKHRWRQKE	47	0	0
ESPRWGSLH	72	31	27
VSAPWPEPE	71	48	41
LKEVWEETD	49	14	14
GPLLWPERG	76	74	59
SRRGWGTPA	76	18	15
AAPGWRSPD	77	18	17
VLMPWTPAS	87	100	87
TTGNWLTAK	65	48	38
QCHRWPPSG	70	15	14
DYLSWGTAS	82	59	52
QPCVWQPHR	78	11	10
GPPGWQGCP	72	16	16
SAHVWRPGS	75	23	22
SGPSWARLP	63	70	53
ADRPWAGWS	57	44	34
SDEEWRSQR	57	0	0
HPESWQNTG	66	3	3
DPPCWTSGL	71	53	48
AARRWTGAE	62	6	6
PTGTWTPGQ	69	34	33
TPLPWQQRS	69	62	52
SVMLWPEDG	71	61	54
LVPRWHLGP	81	98	81
EAGPWILLS	78	94	75
SPRDWGGAE	75	2	2
GDSGWDMIS	60	31	26
TQESWAQDP	65	2	2
GQKGWSKTS	66	0	0
SVFSWQQEK	60	56	40
QARGWPPPR	68	40	37
EVSFWKQNP	65	52	41
AAGDWEIDA	65	9	8
PSPPWSQQT	77	47	42
RARSWSPSS	69	22	17
PSTPWPTSR	66	62	51
YHPGWSAVA	77	62	48
HLPGWPPQP	70	77	55
GAEEWTQSS	60	1	0
RVPAWNAQR	70	34	31
AITPWTSAR	66	81	60
KRPSWFTQN	61	51	39
VEEKWKPQA	59	6	6
CSSGWPEER	68	1	1
PGSPWKTKL	62	44	35
KAEHWKHKK	62	0	0
GESRWKEQP	54	1	1
TKPHWQQAA	82	7	7
RLRHWPLPG	71	74	55
PTDAWTPKR	70	32	28
GSDKWVSRG	63	8	7
TGVQWRDHS	67	6	4
RRGSWDSLP	57	42	35
PAPPWRQPG	75	63	54
RPKHWPGKD	64	8	8
SDRSWASTV	66	32	26
DKGQWSPLK	70	28	25
GCPSWSGRH	74	8	8
GGGVWESGA	70	3	3
QSGSWESDA	64	0	0
DDLPWWSIP	56	97	53
IDPRWLRPT	56	65	45
TTDPWGGPA	77	17	15
RKPAWPGSP	80	38	35
PEPSWQHCP	74	29	26
NKQGWGDGQ	73	0	0
GSSEWEDEQ	60	0	0
EAGEWNRDV	52	1	1
DGGCWQRER	57	0	0
SNVSWRISE	75	29	27
PSVSWSRQT	72	61	54
SPAEWLCEE	76	20	18
SAALWAESE	68	39	35
PSGLWSPAY	76	85	69
SKGTWRNEG	72	0	0
EEQVWHFLG	73	68	51
LSPAWVPSP	74	97	73
SSRGWLAPR	71	62	52
MQQVWAPCS	70	53	42
DPSSWASPR	80	25	21
QLGDWFPGP	72	87	64
QPQSWRAHR	73	4	4
RDTLWGRGQ	67	21	20
SSGSWDQSS	64	0	0
RERDWENGS	48	0	0
SRPQWAPPD	78	32	29
RREDWNGHL	49	9	8
CERPWEGPH	63	5	5
MARDWPDAR	58	23	21
GSRQWPESD	63	0	0
DFRAWPLPR	64	82	59
GTGSWGPEP	67	18	14
RSVAWPAAE	78	35	32
PRRYWEEET	43	13	11
GGRAWGRRR	75	0	0
HQDQWQPTS	72	1	1
LPRPWGRRK	53	55	38
LSRSWDLGG	64	46	36
FSRSWSDPT	44	76	39
DLLAWDPAR	63	58	45
LEGPWSPRH	69	45	35
ADSRWGGLD	68	10	10
APRSWKGMN	60	29	23
RRGSWLPSR	60	50	39
DRVQWRDLG	64	14	12
RQSPWASPE	71	26	25
RITTWTSGS	61	53	41
RGHRWPKQH	66	3	3
PALRWGDSK	70	50	40
EGTVWAGEE	64	2	2
EPARWPGNG	77	4	4
APSPWAPSS	75	70	57
QTPGWPCPS	72	29	26
HKQSWNVLE	73	15	11
NQDQWSGQN	61	0	0
ERGRWSPTE	64	6	6
EDQLWRPYY	65	52	43
VDMGWVGGT	64	52	40
PGPSWTWGR	70	87	64
ESMPWASID	73	54	43
LASSWRSNN	72	44	38
HLEVWAPVV	78	97	77
PSMGWDGSV	64	50	36
SEDEWVEAV	57	13	11
ETCLWAQTV	69	52	40
GAQEWARDR	62	1	1
TYDTWCGVA	80	31	28
RPEAWPRPH	73	31	31
HSDQWPSPR	71	21	18
AQGSWNGDQ	63	0	0
SSQPWPSSR	77	32	27
PAKDWKTKG	60	10	6
PSPAWDDPG	76	14	14
YSRPWTPRP	71	73	55
QQQQWGSRG	68	0	0
AETTWLGEG	60	33	26
TNADWDGRP	66	2	2
PDGSWTFAQ	69	66	53
RRDSWIERG	53	9	6
PSLRWSPGA	75	71	57
AEGPWPAAP	86	56	54
GQADWTPDL	60	27	24
ARRTWPPPP	82	90	76
TGHEWKLEG	69	11	10
SPSCWSVTP	85	68	61
QVQSWEREK	62	6	6
QEASWGVQG	83	2	2
STRPWLESP	59	45	32
RGAAWAGHV	78	21	17
TEFSWPGTQ	59	64	46
SEPTWWNKP	66	45	35
LPNPWSPSP	62	93	60
RSSAWAEGG	74	2	2
ERHPWVAEN	67	12	11
TSSGWEPRL	59	43	32
SPSHWGLAA	78	60	50
EKGKWRHRS	59	0	0
LEDSWDESS	58	16	15
FSDHWAPPL	67	98	67
AQGAWGWAP	78	76	61
LNPAWSVAG	79	60	51
GARAWLGGG	67	30	27
GAGAWRTGE	79	0	0
RHKGWSPES	73	4	4
HHKNWTLAS	68	34	30
GRQKWRQQQ	50	0	0
RCSDWASAV	74	24	21
SRPGWCAGP	71	21	21
QPCHWQEQH	60	0	0
GSTVWHPDC	74	26	25
ASPAWAAAQ	85	24	23
SSGAWGSAA	84	10	10
PAHSWTHSK	63	41	34
DAMSWSSQQ	64	24	20
NSGRWHRKG	61	1	1
SSQSWEEER	66	0	0
ALGLWRSGV	71	80	60
ADSEWRRGP	59	5	5
KPKEWLERE	44	4	3
ESGGWPEEE	63	0	0
GPRGWPLYW	67	100	67
RSPRWRRAV	53	35	26
TAQIWKRQS	66	12	11
GQEEWTNSR	63	0	0
HGQVWEGAG	72	1	1
GQRGWAGDR	63	0	0
HAAHWGPPL	85	81	68
PGRAWVGSW	59	76	50
PGGPWLGLS	66	77	54
SQPQWGSGV	78	21	19
PGASWRNER	71	8	8
RIPKWQWQL	71	79	61
APGLWMGSS	75	82	65
QGVVWGRGG	70	11	10
VWRPWGSPG	65	92	63
VRRLWRSRV	51	40	29
RRKEWEKLP	29	12	8
HMDSWDNRD	46	10	7
PRRPWLGCP	71	65	49
ELSQWRKDP	46	17	12
ESEGWWEPP	54	50	35
ETTGWVTSS	76	27	26
RGGAWRLSS	77	46	42
LKEEWKQKP	47	10	8
NPPGWQTPP	71	39	34
PTPSWSGLP	67	91	63
AREVWRRNA	63	7	6
PKWQWQLES	71	70	54
HSEDWGKEE	68	0	0
TLPDWVLAL	85	99	84
PAKEWKVLK	70	39	36
RGDHWKWSS	67	39	35
EGTAWLPGN	75	38	35
QEMPWNVRM	68	55	49
SKPPWRPPG	68	35	30
RHPAWRAGS	84	21	19
SPTEWVKWS	58	57	45
TETRWGPRP	68	37	32
MGKKWRDAA	58	17	16
GRQDWQPRT	61	1	1
QRDPWKEGG	61	0	0
IMDRWENQG	36	19	13
RQRLWRQFR	51	36	25
RPRAWDFRT	61	57	41
VRASWEQPA	71	22	21
DGDRWRSAS	55	2	2
APAPWLSAP	78	98	76
ELPDWNEVL	56	36	25
SRQPWTPAL	70	80	57
GRSAWPLAK	75	56	45
VSLDWETKP	60	44	35
KQKRWQQPT	57	4	4
TRVQWHNHS	77	14	13
AGMQWRDHG	74	9	9
SEGAWPQLP	77	55	47
SRSSWHQSS	75	10	10
RDQGWEQTQ	55	0	0
SPGSWLDEM	61	36	30
GSEDWEKDE	50	0	0
SSGSWSSPR	82	25	23
GGLPWGWTQ	69	75	55
EKDPWGVSM	64	28	20
EAGSWRAGA	74	2	2
EEPPWMDRG	56	15	15
LPSPWPGEG	74	66	54
ASEFWSGAL	66	70	52
EWGSWGASR	65	53	43
LGNFWKAGE	63	58	44
QDPGWGVGP	78	13	11
NEEGWVLEP	67	33	29
YPSAWEGFK	64	74	53
SSRLWDLLE	70	44	35
WSHGWYPGG	67	65	52
PEKQWHSQG	67	3	3
GQEVWSFLT	65	80	57
DQPHWTDGE	69	0	0
SSSPWPPCS	75	67	57
QPATWVEGA	62	29	24
SPGSWASAA	75	31	28
GKEGWDPAV	75	11	10
PPPPWGRGP	80	89	73
GTQGWREEA	63	0	0
VPPGWPELA	67	88	61
YADDWMAGA	63	22	19
HGILWYHDS	77	63	54
APPAWGQAP	83	62	54
QSQPWVMPS	71	70	54
DSEEWKGHL	56	9	7
PGLPWLGPA	76	98	74
SQASWSGRA	70	4	4
PKPLWLSPE	67	80	57
PQGGWRRDL	54	17	15
PPARWQRKA	61	43	38
SPDSWGSTP	78	27	24
EDTGWSGAY	70	13	12
AAKSWRKPK	62	8	8
RTTTWNDPR	69	14	13
PDSSWEAGS	69	14	10
PLPTWPTHT	72	93	69
RLERWSPSV	62	59	46
RTKVWQRGT	58	10	10
RTPSWASPT	84	69	63
QHQGWGKSV	78	6	6
ASGSWDCGL	62	22	17
WTPSWDTAA	60	86	56
GAGPWGQGA	77	2	2
EIPTWQPNI	73	68	55
MEGAWALPT	69	81	61
FVDPWTVQT	64	97	63
GANGWQIIS	75	33	27
PRRRWDRPP	50	29	24
QLDNWLNKV	53	25	14
ASRPWAAVG	80	39	32
DGQPWMPPP	84	87	75
EEPLWASRT	70	40	35
MGGGWQQGG	76	3	3
TPPVWERGG	67	44	37
LGPQWQPGP	76	62	54
PCAAWLDSE	64	41	34
CGSDWGCAD	80	0	0
HFQPWPKHS	62	69	53
NPPSWEHRG	69	17	17
SAGEWGAEV	72	8	8
PRRPWSPSK	56	40	33
SIIDWLNSV	62	66	46
SPEPWLETV	58	45	31
FTNSWKPKG	52	60	45
DPSMWTARG	73	42	38
GESPWESSG	70	5	5
PGRPWLPSC	67	74	54
GLGVWRLDS	82	65	61
SSGKWSPPA	78	50	38
HASTWKRTR	59	8	7
QVRGWRTLS	65	30	26
MSTMWLEEK	59	67	47
RLGRWGDLG	62	36	34
TITSWVSPD	75	71	58
TSATWEERE	51	0	0
SKQLWNPPQ	72	25	22
QSKRWLSDE	51	10	8
ASSEWENQN	57	0	0
PAAAWRPGL	72	78	60
PGDPWPGAP	72	34	31
DVTSWSEEK	57	11	9
EAQGWRPPE	72	6	6
GKAPWPGDF	60	62	45
EEPGWEEEE	61	0	0
VQGHWVRVP	60	54	42
KTSSWTPES	71	25	19
DPAAWDRDG	66	1	1
SSPRWLWGQ	66	77	58
GLHSWQKAA	69	24	21
HANGWPQAP	81	39	35
GRNAWEQLS	64	5	5
EKEQWNKED	56	0	0
TQGHWGVES	78	8	8
GLSSWLPPA	72	95	71
GGRDWGDRP	62	0	0
SAKSWWRSQ	51	50	35
EKWVWGGGL	71	61	46
DPEEWQLSG	63	12	11
PGAYWNGKL	70	36	28
SGSMWSSES	66	29	24
GPCHWPHRS	79	11	10
EGCLWPSDS	76	41	37
RNPFWRGPQ	71	44	37
SSSIWHSQG	66	27	24
TDRPWRSAH	76	11	11
SHGLWSHAE	68	29	25
RHRGWYPGS	76	28	27
PSGRWGRPE	69	14	13
LGPDWHEGL	61	31	23
LKVSWENPS	60	45	35
ISRSWAEEE	45	10	9
EDDDWDEEV	53	0	0
AGTPWAAQE	71	10	10
ADALWVRAG	68	51	44
GRRLWRQRS	52	19	18
EPEEWKSVT	64	9	9
KGQFWNDDD	50	22	18
SPSTWELTE	66	42	34
SRPAWRTKP	73	26	25
ASSDWLPAR	67	43	37
RYKSWSVCD	76	22	21
SSQVWKHGS	78	15	14
GSRSWGRGG	79	0	0
HSSPWTPLE	72	52	37
VRGDWEDVA	51	11	11
TPVNWKDSR	65	14	14
TTSKWELFD	56	63	41
KQPSWVPQE	74	21	19
LPLPWPSRK	79	97	78
WGTFWPRPV	73	100	73
ENLGWKTNK	62	11	11
NHNNWEAAV	67	6	6
PPENWGGPA	62	31	27
ETIRWKSHS	72	32	31
SSLMWKPQE	71	48	35
PRLDWPEDS	57	33	27
DPGHWSRSP	66	16	14
SRPPWGGAL	69	44	36
WRRKWSMPT	55	84	50
WNHRWPAEH	61	43	38
KANLWDAPP	70	41	32
LPADWKHRR	59	42	32
PASKWATPT	72	57	45
TRFPWAAPP	82	100	82
DGAPWSGSS	69	7	7
RAPEWPRRA	60	16	16
TMQEWTDVR	49	27	24
PAQAWAAGP	81	32	29
KMNEWSLGR	60	24	22
DMQGWEAPA	74	15	12
SHLSWSTDS	76	44	40
LRVPWSACT	67	84	56
GLRLWPSPP	85	99	84
PKHLWRHEQ	67	26	22
MPEKWARAQ	58	28	26
AHSPWACGP	80	27	25
RNPKWKPEH	68	7	6
VKHNWSSTS	74	24	22
RKNSWEPKP	64	10	9
VGRDWDPSS	58	10	6
PWAGWSGGR	66	85	58
WDGGWRGAM	48	63	39
EEPQWVPDK	64	8	8
GRGEWWGEV	57	35	28
SPHNWGDSG	73	1	1
KRGRWSGGS	63	0	0
SSGPWWKSL	59	87	54
DPGGWREEA	73	0	0
AESTWGPSP	75	43	35
GLREWGSGS	63	18	17
PRSPWKPGT	67	50	42
LPGGWVTIQ	60	89	55
EAFPWAPRS	62	77	52
SGPPWNVPE	66	32	28
CTSPWSSPL	71	78	59
SGVPWHDHC	73	18	17
GIRTWGHPS	69	35	31
AAPSWARPG	76	42	36
KIPSWQIPV	71	89	66
ESKLWEKDR	62	11	11
SLGEWDVDR	49	11	8
SAGRWGAAH	76	4	4
DRSRWSSSE	57	1	1
NEEGWFALS	67	62	43
PSQEWGSQE	68	3	3
AEATWHIAE	76	20	18
PNPPWSFQR	71	76	57
TIPSWATLS	63	89	59
PRKRWLLSP	71	85	65
SQKHWETIP	59	42	35
NSEPWGLVA	77	62	49
AVQAWLETV	71	58	44
GAFTWGPDA	78	72	63
QGRAWEGHD	56	0	0
FAEGWEDAQ	38	38	28
PGRSWQTQE	73	13	12
ALYGWGEKQ	72	37	32
RNLHWGEKS	65	8	6
SPTPWSGSN	72	37	35
SRQAWSRDN	56	1	1
SDKIWVGEE	48	10	8
EVHSWGSHT	85	14	13
RNNHWGEAN	69	0	0
GACLWAAER	76	33	28
TTAVWRPAP	82	79	69
GEATWSGSE	70	1	1
RQQSWPHEA	69	8	8
QPHSWMLTP	73	82	63
PSGKWPRPK	65	31	26
QSSPWPGPR	78	32	26
LPSGWEQRK	48	36	25
RPREWDRHR	49	2	2
KFASWGDGE	56	40	35
GPPLWERPA	72	65	57
EKLTWLASE	64	48	37
EQDGWNSSS	78	0	0
LQISWHKPK	62	63	48
PAARWSSQG	68	29	25
ALPTWSVPN	82	80	71
EAAHWSRAG	76	4	4
KESAWSPPP	76	59	49
SEFEWSQVK	68	49	43
EDGAWQGSQ	62	0	0
AGPSWGDLP	69	50	42
LTFLWQRDS	67	95	66
SPFLWPGVE	76	95	74
SHQEWPQHQ	74	0	0
EGAGWMPGR	71	22	18
GLTSWVTTT	76	79	66
SGSNWRDPI	62	19	16
RRPCWSGGA	70	5	4
PETKWSSIP	55	57	42
DPSMWSELV	60	61	40
GGSAWRQQW	61	26	22
GNPGWPGAP	77	18	14
GEPGWLGGE	71	11	11
TPSGWAQPY	68	67	51
SSCAWSESS	73	5	5
VPPGWNPNS	67	54	41
PSRAWSPRA	73	42	38
TDGSWTQPS	73	13	13
VPTLWNEPA	66	69	52
SGSSWGPSA	75	39	38
SGERWGADG	72	0	0
SPNKWKWTK	60	40	34
SSLSWKGRG	63	29	25
GQKLWRSNG	66	14	12
RVSLWRPRP	57	61	46
PQLSWVASS	74	78	59
YKSDWGYSG	75	15	14
TSLTWPSRA	70	67	61
LRPAWPCSS	73	73	60
SKSAWQERG	67	1	1
MAESWLRLS	55	80	51
KKEEWRVRA	56	13	12
GTEDWNEDL	44	5	5
RGPTWGRAG	69	13	11
PESSWEPDE	59	3	3
PSWIWREQL	64	78	54
RSETWRRRR	57	2	2
QQRSWRTPP	63	36	29
SESSWQLPQ	70	36	31
TDDSWKGRP	58	5	5
CQLSWGSGQ	84	20	20
AAPTWPWAA	80	96	76
KCQSWSSMT	58	34	27
RDPAWQKPQ	65	6	6
PKGPWSSTG	66	33	30
TLGQWGSRA	73	40	37
GDSDWPGPG	81	5	5
NHHTWDQGA	76	0	0
GEHAWTHRL	68	29	24
GAGAWLGGP	79	36	29
QINQWKQEK	54	0	0
VPAHWLPEP	67	87	60
PMRPWEMTS	64	79	55
GGGQWPGKE	60	0	0
REGDWSEPR	56	1	0
QFQNWAQGQ	53	23	21
LGRVWRPLP	70	86	65
ASSSWQAAH	84	14	14
SSEQWETFS	43	37	25
TSGVWWTPS	79	92	74
REKTWRGGS	69	2	2
ASDPWTPAP	73	55	41
QPSPWAHRP	72	39	35
SSCRWLPEH	68	39	30
ERRDWLKRE	43	8	7
DPPPWHPRR	69	32	27
RQQRWRSGQ	54	0	0
RDAPWTASS	59	25	22
PSGKWPRGS	59	13	12
REGGWRGRR	53	0	0
DDPSWCKTP	58	8	6
ADGSWKELY	52	22	18
QQSSWSRQP	73	8	7
PVFTWTSHH	72	99	71
PLGVWQSQE	60	52	40
SSSAWAGPR	80	37	33
ADVHWTHIR	81	49	48
PSAGWQGPT	78	15	15
PVCRWTADP	72	58	43
LQLRWERDE	44	45	30
PGSSWMKKD	62	30	27
AVQRWPPSW	63	91	60
GRPPWAAVV	78	85	70
GGPSWEPEG	71	4	3
SKPCWSYHI	69	62	48
SPPFWALPP	80	100	80
GDWEWSDDE	49	22	20
TTGMWRPLS	75	74	60
QDHLWEHKS	64	9	7
ADDDWGPEP	65	4	4
EDSDWEPGK	73	0	0
TRMSWPSSF	65	94	61
LEETWMASP	72	65	53
KERCWEDDD	54	0	0
TRRGWWSCP	56	70	47
ETQPWSSPK	72	9	9
KRAVWVRHT	67	42	37
RFVQWQSSI	57	82	52
CLRPWSSGS	66	52	40
SPSPWARPT	75	57	50
HEGSWWGGG	56	38	28
PRTGWTARR	57	29	22
SLGLWGPEE	71	51	40
AETSWDTNK	71	0	0
KTTTWEDPR	73	6	6
TFHLWRSKK	58	86	50
EGQSWQPGA	72	3	3
VSAAWEEVA	73	31	30
PGSGWGTCV	79	36	34
RASTWQRNA	57	4	4
SNGNWKSSV	62	13	12
RDRGWKHET	65	0	0
VHALWGPHS	77	78	62
APPAWAASA	80	69	60
DTGPWQAGA	78	4	4
PSLGWSPSK	72	66	53
PDGNWVALK	65	49	39
QERAWEQGR	69	0	0
NTLAWSKGQ	81	34	34
LRSKWKRKM	41	25	12
DSYPWPPPA	89	89	80
ILPKWTLDA	82	97	80
SSGPWKPAK	76	26	24
GPHLWRGPR	67	47	40
ESSRWDKDP	56	0	0
TTEDWTEDH	57	0	0
RDTFWPDSE	68	51	41
SPRSWDEAE	58	2	2
EEETWARGR	61	3	2
PLLNWSRKA	68	86	63
QHEKWDEEA	60	0	0
TSQPWRGGA	69	5	4
DHTPWLMPP	87	99	86
GPPDWQGPP	70	39	34
GTHPWPQYT	80	37	37
QRQQWEAGK	61	0	0
TSENWGERL	64	16	15
LPIPWGPRH	86	100	86
TPKKWPKKP	60	22	19
GTEPWSRTT	73	13	10
PIPEWKRQV	60	60	48
KDTGWDSVS	70	10	10
DARAWDYQI	63	21	17
LKGAWKNSV	59	30	24
NSQSWQKGK	59	0	0
SRLSWPGRS	68	48	40
APPIWPSVP	79	100	79
WRPGWRRPG	48	54	35
RRASWASEN	67	1	1
ERLSWPKFQ	60	73	50
PKVSWIHGK	63	50	38
GGDCWGGPM	69	12	9
GPTSWLRPP	59	75	52
LSRVWSPSS	60	64	44
AYSNWNQPR	63	10	8
AGTSWKSPG	82	15	15
NGGAWGPWA	72	67	53
SSPNWLQAL	75	75	61
GREAWDIES	77	11	8
DPIPWEHED	65	10	10
RPPTWDPFS	73	83	63
KANRWFGVA	66	66	50
NLSPWDRTT	64	41	34
LERYWAAHQ	63	32	27
DAADWAPAL	80	64	55
RGAPWPAEP	72	35	29
NHPQWDTAI	66	27	24
LRGRWPGSA	58	36	26
TSGHWASVW	74	90	69
RLRWWPPLS	65	96	62
VFSVWPSGA	66	97	65
REGLWPPPY	81	91	77
RDTPWDENP	62	7	6
PQEPWPGPT	81	39	32
KSTDWEDDG	66	0	0
SQGNWGLTS	69	30	27
LVKKWQSIQ	53	55	37
PGGSWHRPL	62	45	38
IGEGWLSQD	57	24	22
SKAEWSDSA	72	2	2
RSAGWLLGG	66	48	40
SEVPWASIA	62	62	45
SVSGWVNAP	71	57	41
GRHAWTHRL	58	26	22
KSSRWVPPT	74	63	54
SGESWAGSR	71	4	3
PTFSWLPLK	80	100	80
NPRAWECHH	69	1	1
DEEPWGPIG	75	18	15
ETWRWTWMN	72	87	64
RTIPWRSKS	70	46	44
SEESWKGQP	66	2	2
PEASWLCGR	62	43	36
TSDSWNEKE	54	0	0
DAWPWDVVT	72	69	59
QSSEWETFS	50	38	25
SVEEWTTED	65	8	6
WAPAWTPRP	83	99	82
EAEAWTRRA	70	5	5
PDSSWAPKR	74	32	29
KARSWDESR	62	0	0
GDLGWAPVA	85	71	63
RQRRWEKRT	40	0	0
ARPTWEQCA	64	4	4
QLRQWGARA	65	14	12
GSGPWIKNM	55	41	27
APSPWSPAA	87	71	67
QVSSWQGVQ	68	16	13
QLGGWRGGS	67	19	15
LSEAWPLTT	67	85	60
QSGRWDGGW	46	35	26
DQSPWEEKA	60	2	2
RRGSWSGGY	73	12	9
PRKPWPERR	60	23	23
LSLSWGKRH	72	77	63
GQTDWSGVE	67	3	2
RVTKWQASE	69	12	11
PPGQWQQAP	65	34	27
SRTNWSSRP	64	25	23
PKPEWVSDK	66	26	20
GGQAWADIA	72	23	19
QTQEWISST	71	28	23
SPCPWSCPK	78	34	32
GRRGWRAGP	73	16	14
PDSPWTGSG	69	14	14
LAGQWPGRP	66	47	35
RLPPWDRAR	65	57	42
GGDQWAVPL	72	66	53
SPASWSFAP	74	94	70
DLHSWKQPE	68	16	16
SRGPWRQPE	57	6	5
SQKCWEPEP	66	4	4
RGGIWDRLL	44	44	31
AEANWAKEH	59	0	0
SQTSWTSSC	72	12	12
GASRWGHSP	73	13	10
NRSPWTSAE	54	11	10
LTEEWTADC	58	20	19
HQPVWHDGR	66	6	6
GNPSWSFPK	70	65	52
PQGRWGPSL	72	59	49
RELRWPPRA	54	45	37
GEQIWFPKC	62	75	50
NPSQWERPS	64	8	8
DRPSWRNTD	69	5	5
HDKSWRRCS	55	0	0
SEEHWVGGG	70	4	4
KEEEWERRS	42	0	0
RGKEWDRSR	38	0	0
SGSSWVQGD	69	12	10
ALESWQAAA	69	31	28
SSSSWKRVS	62	20	17
VCPGWSPPA	71	53	41
SPDTWHPRE	78	12	12
NEGLWEIEN	59	12	10
APVDWRDPS	68	30	25
GARRWSWDE	53	34	29
VPRDWDPQP	68	30	26
NSDNWREFK	38	20	18
PSQPWPPQS	71	37	34
LLTNWPSVP	66	100	66
AAGEWEPAA	84	6	4
ASQEWSSPK	68	11	10
SSVPWSSLE	66	50	44
PAQRWHARE	65	16	15
HPRPWGRSP	69	50	42
GSNPWRVLQ	64	32	24
QTQDWVLQS	57	24	17
GSRVWERGG	60	9	9
ESPSWTPAE	88	29	29
TGGSWDLRI	53	54	36
PHPRWSAEA	77	48	41
GWGSWGGGR	66	43	39
AAKGWKEAA	67	2	2
MRRLWGAAR	62	49	38
GAPSWTGDR	68	23	22
EASSWADSS	65	6	6
GVREWGPEI	66	23	18
KLHGWAPGP	79	58	50
STTVWEALP	71	82	64
TETNWPREL	62	24	20
SAEGWVGGK	79	8	8
RGKQWQPDL	52	23	16
SMKDWDKES	43	9	5
QIPKWRYKE	67	34	27
RLGGWLPRP	63	74	54
SSRSWSSGS	61	9	9
PLGPWGSMS	78	97	77
TPTPWLGAP	74	97	74
AAGDWPCAR	78	7	7
PDTQWEQLQ	54	10	9
RLQRWGPAG	73	30	24
PKFDWVSAP	64	93	62
RQEEWGLTS	64	23	20
ITGGWSSQW	62	81	53
SGVWWTPSG	72	85	67
GDGQWTVGT	68	10	8
PDGPWCFSP	66	81	57
SEQGWDGEG	63	0	0
PAKSWKRSG	58	17	16
GSNSWERKG	62	0	0
PAQSWTVGG	77	39	33
QGAPWGQGG	82	1	1
EDTTWTPTR	73	34	31
WDDSWQPSG	53	29	21
SSSRWLDDL	56	40	29
AASGWGRDS	80	5	4
CPHRWRWAS	70	70	57
TLPVWISTT	83	99	82
QEEKWRRGG	43	0	0
DHSSWLQMK	75	51	43
PGQDWERGS	47	0	0
KPPPWPQEG	75	41	39
HAASWGSRV	68	23	18
SGAGWRGAG	77	0	0
PLGGWRPLA	64	85	58
TFGRWPGGP	64	80	55
ALGDWPAPI	72	91	66
RNTSWGVVQ	83	18	16
QEQRWRGET	57	0	0
RGRKWPWRR	54	29	21
DPDFWTHSD	57	41	25
GRFWWQDGS	54	70	45
DGGGWRSAS	68	0	0
LEYGWSSSE	60	36	28
SSEDWPPPL	85	88	77
GPPGWSKSR	71	25	22
QPRTWLQSP	60	45	36
IYHHWIPRE	63	65	49
GAEFWKSSP	66	47	42
VPEPWVPCS	76	79	63
GGGRWQLSD	63	11	10
PSSAWPPRL	72	87	64
QESSWSQEY	66	5	5
GYGRWNHEG	74	0	0
LLADWVLLR	68	96	67
DAAAWAGAG	84	4	4
MTLPWRMGP	80	96	77
TEEQWEASR	62	0	0
KKSSWPSQA	71	10	10
TPASWRPRS	75	42	36
PQTTWGSQE	78	19	18
AICQWNKNS	57	8	8
QSTLWISKS	60	65	49
SMPVWRAPL	84	96	82
HFAKWSGSP	63	76	56
EGRVWPQAH	75	16	14
GRGGWGGRG	72	0	0
ELEDWDPGT	64	3	3
PCSPWAPAP	80	85	72
DTERWARAR	56	4	3
PESLWPLPP	83	100	83
SEPLWNPGL	73	55	47
ATTFWKPST	63	77	48
PSPDWTSSS	77	42	35
REGVWEEPR	53	6	5
GRREWRVAP	59	38	29
LKWQWEPEK	49	50	33
EGAEWRAGG	75	0	0
APEVWGPSP	77	56	42
RRRGWRCRG	49	0	0
GAQKWLRSS	60	22	20
RPAPWRDAR	71	26	26
GKFSWKKPE	50	33	24
DRQRWGFRR	47	32	24
SADEWRLSS	68	25	23
LSSSWQPPA	68	72	59
KGGKWRGQD	62	0	0
REQRWLDEQ	54	10	7
AEKPWDAKA	68	2	2
EGSWWGGGI	73	50	44
AGEPWNRAQ	68	1	1
SCHRWAARS	81	10	10
GHQCWQESA	71	0	0
TCPHWGSRT	82	27	26
ETEHWPPGQ	59	11	9
RLSEWKAGK	56	14	12
DHGSWSLSP	67	47	39
ARAAWGRAG	73	5	5
SGMRWHRKD	55	20	18
QSRAWGKVE	68	12	10
VRKKWRRQG	46	9	9
STGSWNSGS	79	3	3
RRLPWSTGY	70	62	47
PRPPWPSRP	65	79	59
VESCWAPAP	91	70	66
PSSSWSSVA	67	69	54
PTPAWDEDT	72	33	32
PEPKWDHAG	71	6	6
QQTRWRTGQ	69	0	0
QTPLWKPQS	74	55	47
PGSNWEGTN	70	1	1
GIRRWPPRR	55	42	36
MRSSWPWKR	46	68	37
WGPAWDAGI	66	86	60
QRTTWTRCP	70	29	28
KLSRWPSPE	69	44	33
GDPFWDGPG	67	36	30
PHTPWGRRP	75	41	37
PELPWRPRG	69	60	49
QWPRWDGAR	62	43	36
YGRGWWGVN	58	64	45
QSGAWGAPR	67	7	7
VPSTWPCSQ	67	58	45
GKDSWDLTP	67	42	37
PPAEWTRVS	62	65	46
VHTSWNQGL	55	43	31
MGAMWETSG	77	55	47
VHHPWETGH	75	14	11
QRRRWAWAE	61	40	34
TTRRWTGTA	65	27	20
SEDEWRRGG	46	0	0
KQEYWGSKR	73	4	4
GGGSWAGAG	83	2	2
GVSTWESFK	53	56	37
PDPEWGSAN	72	14	11
PRLGWPLDQ	63	50	41
ASTQWHRPC	72	11	11
STKQWPKRS	51	3	2
VEDDWGGPA	75	6	6
PPQFWDSQR	55	68	43
GVASWQAPS	73	28	24
SGEHWDTKA	62	1	1
FMESWGEES	47	85	46
SPDLWKSSF	56	83	53
PHRRWRRAL	48	38	27
GSRAWAEEP	66	7	7
PGSPWAPAW	72	99	72
EGDAWRMER	68	7	6
HTSGWDSSP	75	16	16
ATGSWADRM	62	25	21
PGHLWEGDL	69	30	21
TGFPWPPSG	67	95	64
KGGGWAPHH	85	11	9
TGSPWPGTA	78	41	35
GKEKWWDGQ	48	8	7
TEVRWHAPA	82	40	37
DPAEWGSKV	69	11	10
RPRSWSSGS	72	18	15
HNSSWGEMQ	78	5	5
DTNSWGFGR	68	50	41
GQARWKRPA	64	10	10
PPTAWNGAV	75	78	62
SSGEWYQNF	49	37	27
IFKNWGTQT	47	77	40
PDLPWPHPL	77	98	76
QHQQWTELN	54	7	5
TESAWERGL	60	17	16
LELSWGEDP	58	47	35
PPTAWGAPF	73	100	73
TPKRWKLRA	57	44	38
PTQPWQPPG	83	39	34
PQQTWPPVN	75	53	45
RRTCWWGPT	67	73	55
PVRAWGWEG	57	62	41
GPALWDGVQ	69	36	29
EERSWSNQR	58	0	0
EEELWRPPS	65	26	22
RGSQWAEEV	50	7	7
FTQGWAGWR	60	97	60
PASHWDQNG	57	5	3
RKKRWGRRG	67	0	0
AQGRWAQPD	63	1	1
QATGWPPPQ	81	40	38
PSAPWIDPS	66	76	55
NRQNWLAAS	72	31	26
GPNPWMFRS	68	83	62
VAGAWEKGP	74	15	13
ADDAWPWDV	66	57	44
GGDSWQPEA	70	1	1
AAAAWEEPS	73	4	4
PTSEWDSEC	56	9	9
RSEGWSRNH	62	0	0
SGAGWEKEW	43	24	15
SREPWESVS	67	13	13
PAQRWGGNG	84	11	11
DDEGWMSHV	69	22	16
ALWAWPSEL	76	98	74
PPHPWSPEK	72	60	49
QIPSWKDWA	58	65	45
SQDRWGEAS	71	0	0
LMFPWMRPH	71	100	71
SHLLWTNRF	54	89	51
ELEDWLDSM	53	31	22
ISVSWEGEA	67	39	29
DPPTWSEEE	63	16	14
GNQSWRAVS	66	9	8
PDSEWEGPK	60	5	4
GPHHWQAKG	72	2	2
RENAWSPPI	72	67	50
CTKDWEAVE	67	5	5
GAAGWSPSS	80	10	9
SISEWRMQS	63	39	28
NGKTWSTKR	68	4	4
QASPWASSS	73	35	33
PSPSWPASS	78	60	57
ALGLWPAPQ	78	92	73
FLQLWNPAP	70	98	70
SPPGWRLLR	67	67	51
TGWRWQGTP	71	66	55
LLEPWFLPP	91	100	91
NLGVWKSDP	61	28	27
SSSPWPSVN	76	52	47
SPMSWNSDA	78	38	37
ARPDWAGRW	63	54	44
RQDPWEERS	47	0	0
PLPPWASHH	76	94	73
LPPGWEMTF	61	100	61
GSSSWEKPK	64	6	6
TPPAWGSRF	71	90	68
VRVPWSGGE	59	34	29
GTRSWPPPS	66	50	41
AAGDWEIDV	73	21	17
RQGGWAGDS	56	0	0
GAYNWQQPQ	75	4	4
PKPVWGSLQ	76	72	59
VEGKWQQRL	52	16	12
GDQAWGKHR	72	0	0
GSLAWAPCD	79	46	41
PHSWWGARR	68	64	52
KAIAWHHSG	79	33	30
APARWRPRD	66	32	27
QQKMWFTEN	57	31	21
DLDPWKAAY	70	38	32
ESQDWGCTT	80	0	0
DTLPWNLPL	69	94	67
LKRRWNDDP	40	6	4
HPFHWGGHE	68	52	42
QPRMWEPPL	64	70	49
SATSWERRR	48	3	3
KAASWESQR	67	4	3
EHPRWEENC	67	2	2
RSHSWKRNH	64	0	0
ARLEWRAQG	67	21	19
EPWLWPPTM	75	100	75
NGGGWSFTN	68	49	42
DQKLWEEVG	57	8	8
SPETWASSI	62	45	34
TPDSWPPSY	72	66	53
PPAAWVIPG	79	96	78
EPGPWAPLS	70	69	54
KGLSWISSQ	62	47	38
SHMQWAWGR	65	71	54
PKSYWPPGP	84	85	72
PASPWGTGS	81	43	37
GLPLWRESD	68	55	43
RAEHWGASP	74	2	2
LPSSWDHSE	39	32	21
RGSAWRQPG	74	4	4
DPSQWQPRR	64	4	3
SSLNWPPYT	78	79	68
TLKEWTLQV	55	67	42
SANPWPSAQ	68	16	16
LAETWTRDF	50	75	45
ARLTWRKGD	57	25	22
DDEEWKPTK	64	0	0
EESCWEKQK	56	0	0
QRPGWPGQP	80	20	20
PLRAWKPTA	67	78	58
MNPGWKPSD	76	24	23
SEDNWDEDE	49	0	0
GRGLWTVGG	76	45	41
PPLEWDPHP	72	68	52
DPSIWGDPK	79	17	15
SAGGWSEAE	70	1	1
QGAAWSGDS	71	0	0
KYTGWKPAW	68	78	59
TTSRWAFSG	67	69	57
TRSHWNSQP	68	12	10
PRDPWSRTQ	62	13	12
SRPPWVTDD	71	39	34
IPKPWERTG	55	53	39
SHPSWDQDR	61	5	5
LAPWWGQQP	79	98	78
QHGTWGGRP	70	5	5
SSDPWNRCC	69	1	1
GESGWTDTE	71	1	0
HCYSWSDES	68	9	9
HSLGWEGGT	64	27	23
SPKKWQPQR	61	2	2
TPHRWENQG	48	6	4
PQYGWQGGP	76	15	14
SAGSWDSPG	71	8	7
PARSWSSGT	68	41	35
EGVMWGDQF	66	46	39
SACPWDGRC	70	3	3
RKQFWKRSN	56	30	26
PSNCWSDLD	64	18	14
SDNSWTMDA	71	31	27
RSPAWPRRA	67	41	36
RPRAWRGSR	58	13	13
MDSLWGPGA	71	62	46
SDDDWDDEW	39	10	9
GLRRWRLAS	66	52	40
RKRWWRGAQ	51	32	27
VPPTWRASQ	65	76	55
DEGQWGNPS	69	0	0
GDEDWVHRT	49	5	4
SDSSWRHSQ	70	5	5
VLKKWPKLK	54	77	48
PGTQWPLDE	72	35	34
PRLQWFEQQ	59	60	46
DPWEWNQNR	55	22	21
IQRQWPRWD	58	57	45
LEHPWAGPQ	65	39	34
PVSDWSSDE	51	23	18
ETEAWAKPL	67	46	41
RINEWLTKT	67	37	30
PRGSWRWSR	62	65	49
RQGSWEDEE	49	0	0
GQDRWRGPA	67	5	5
SVSTWDGSV	66	37	30
SEWHWQDIK	58	38	33
SDRDWDRRG	34	0	0
QHGRWIQFR	56	57	35
EGEVWTKKA	62	2	2
DPRIWPGRS	71	37	34
GGQEWRGGL	57	15	12
KRRRWPSAE	56	3	3
HRVEWRVRR	60	18	16
PPNHWGHPH	71	31	26
GGPPWRARS	77	20	19
AGQPWPRPP	78	48	42
KLALWDRRP	56	58	40
SVSDWEEFD	51	32	28
AGLDWPNPE	77	37	34
GSSEWGGRP	71	1	1
SPGSWWKKE	58	43	36
GNWAWDKSH	59	32	28
RKRRWSAPE	66	16	16
AIRLWGRGI	61	86	54
LAPTWLSPT	68	97	68
DRRRWRSPS	54	10	10
QRPRWCSPA	76	22	19
TQRLWESME	61	32	28
TLDHWKFPQ	68	72	53
PLGSWNGSG	59	54	40
GGKLWDPSV	67	40	34
GRGWWGVNA	68	49	41
GSTSWTGFQ	63	55	43
TRRLWRPRS	56	47	32
SASRWAPLP	76	93	72
PSLRWPAKE	60	55	42
SGFGWFSWF	63	100	63
HSGDWLDQD	62	4	4
SGSDWDSAP	76	13	13
NGSKWAEVG	60	3	3
AFFSWSRTR	61	99	61
AQKPWAKKL	56	21	21
SRPKWKPKA	65	21	19
ASGPWVPPG	79	70	55
ETKNWHTDV	61	10	9
REKRWQERE	46	0	0
KAAMWASTP	72	76	64
NPTPWLSTA	70	76	55
RSSPWQQPP	64	27	22
RWRAWSRME	49	55	36
MAREWRAAQ	67	24	20
SRDPWEPPR	61	20	19
APRPWPSLR	66	80	58
SNRNWKRRQ	58	0	0
DQVHWSPGQ	82	3	3
GKKEWGPGL	62	25	20
RGHRWSKKA	57	2	2
DGGPWPTRK	61	9	8
PSPSWSGSC	76	41	37
GKFLWNGSG	67	52	42
SSTEWDLDG	69	14	12
HGDRWPVCH	81	17	16
AGGEWRHRG	69	0	0
GGAHWLDRP	59	12	9
THPRWASAS	80	45	41
SSSMWSPEE	63	37	29
PGRCWPPVP	83	89	75
SATTWTWGP	80	92	74
AKNCWEDDT	65	0	0
TDGVWGGGR	82	5	5
QPEAWEEKP	60	0	0
RTPPWSDFA	59	69	48
PLETWKPPP	72	87	67
RLVDWLPGC	62	69	47
DIEQWFTED	65	31	24
RKESWKVKS	72	10	9
GQARWNWGG	67	36	36
RGEPWPGPA	82	24	22
ENPAWHRWQ	55	36	29
GDRGWGKWW	46	80	41
PNGGWHTSS	85	17	17
TETEWTSGS	74	12	11
DGAAWEPPA	73	19	19
EEERWQRSG	48	0	0
KSQKWDESS	57	0	0
PEPSWATSP	69	53	41
GSREWAATE	65	4	2
TSLRWQNDS	66	31	28
FKEYWQRNR	28	41	19
RFPHWHTQC	62	59	46
GIPGWEQSM	66	35	29
STSTWGSSS	87	31	29
GPGHWGELS	69	22	20
PPPAWRHTL	71	95	69
DGVPWGSEP	70	10	10
SQERWPVQA	76	16	16
SSQRWPQSL	66	40	32
NGRPWPREG	56	7	7
QHSEWPDAG	73	2	1
SRGPWKGGN	65	1	1
FPKCWIPSP	58	99	58
PDPAWDWQH	63	42	35
LPPLWSPEA	80	98	78
APPRWGPGA	74	53	46
PSSEWLVRT	69	57	48
KPEDWDEDM	45	2	2
TSCRWLSKS	64	43	32
RSGTWKREH	51	0	0
VRGGWPWTR	64	71	54
RDDSWSVGP	72	28	25
QPSPWPMGL	78	88	71
TRESWVSPR	76	37	36
APPRWSSSG	75	59	51
AGGHWWSST	54	57	43
GVGVWPQWQ	63	74	53
SGKIWHRKP	52	17	17
SCPHWRGGN	77	3	3
PPSCWCSRP	64	43	37
ARPGWAQTA	70	12	12
EQPEWVGTR	68	10	10
RWGRWSRGG	55	42	33
RKRRWDQTA	49	0	0
GNGNWAWDK	67	20	19
RHVQWPGAC	77	21	19
AQPSWGVDP	83	24	22
HQEEWTVAG	70	7	6
ERPSWPQET	69	7	7
HGSNWPHPA	89	41	39
SWSAWQLPS	74	81	64
APTPWSSKP	76	64	54
KNNPWLCTE	70	26	21
GGPGWPGTP	77	26	21
EDETWGRSQ	64	0	0
SGTRWEQGE	64	0	0
SSRPWPSPR	71	46	42
WPLYWKGGE	71	96	70
TLPRWRAGE	66	44	34
GKLLWGDIM	75	81	64
GRGRWPGRA	72	5	5
KDDKWKRGS	48	0	0
QPTRWVAPR	76	50	43
PVHTWPSVT	71	90	68
SSVDWDTVE	67	14	13
CPGRWTRGL	56	31	21
GSPDWAGDV	71	8	8
EVAPWARGG	73	37	37
LIPMWSSDI	75	100	75
LGEAWAGRG	70	23	21
RGCFWGSLP	73	84	64
PPPRWARRR	60	71	55
MPSLWDRFS	64	93	60
MGAVWTSSS	68	72	51
EEGTWPQNL	65	25	21
GDPVWPPES	62	30	25
RRKEWDHHH	55	0	0
CCPGWSRTP	71	20	19
SSFPWTTTT	66	91	60
SSQGWSVSA	75	31	31
PPYLWGRNQ	71	88	64
KERGWNDPP	63	11	9
NSNKWKHLQ	64	7	7
NRARWGPRG	65	9	9
SPTGWGPPD	64	38	29
HRSAWGEAD	75	0	0
MPPAWSGES	75	78	60
ADATWDLDL	64	43	37
ALPTWHSWT	71	99	71
SESPWPHTG	67	26	21
SQPCWPRSR	75	22	21
VSVPWDDSL	54	54	36
TESAWAEEY	75	5	4
DREPWDPVQ	74	8	8
SRSTWEEED	53	0	0
ATGFWPPSA	66	89	60
EEPRWPNRN	47	4	4
DSWRWSPRS	59	63	46
QRKGWMHEG	64	6	2
PGPPWAPSN	80	73	63
RARSWSRGT	62	10	10
TGVEWHDLS	76	24	23
KWNSWDPRR	47	23	18
TSYRWHTGG	73	23	20
SRLVWPDPP	81	84	71
DGSGWTGSE	65	0	0
GAPSWEHRP	72	16	16
QLRDWFPNT	55	51	34
STGPWRKDS	70	7	7
GTEAWGCAA	84	4	4
RSRDWEDVE	57	1	1
LAQAWPRGS	70	51	46
PSTRWSSAR	72	43	39
NPSGWHSSS	78	8	8
DDLSWTEEE	58	9	8
ASSPWSSCS	77	16	15
AGAPWPRLK	69	60	51
VLGSWSTGG	68	66	50
QKKRWQQRG	52	0	0
GPSSWPGEW	66	58	47
EQDTWQVRN	62	5	5
AGSRWSGFK	49	50	34
PTSPWRNSQ	65	21	17
TVLRWPSRG	55	60	42
CQGGWEDDS	65	0	0
RRSGWRRSR	53	1	1
TTWTWGPQS	80	82	68
GQRPWGPGV	69	16	12
VHGPWTELE	66	28	26
KPDEWRLSS	66	30	27
SARPWPKTG	71	23	23
PRPAWQPQT	73	26	23
RGVDWKWGQ	64	31	27
ALPTWKEEG	54	46	35
SSPSWKSSP	71	33	30
TLSQWSTPG	69	64	50
PGVSWGPPP	87	88	77
GGWTWTSPG	65	67	50
LSENWLFSP	67	94	65
AHMPWDEFP	67	82	60
PPRAWATRS	70	51	41
SNSAWQIYL	77	80	63
GKGRWSQQK	71	0	0
SLLQWMEAP	65	85	62
QSPNWHFPV	74	86	67
PTEAWPRTS	69	51	47
PAGEWPGAT	83	30	27
SRRGWQPRG	57	5	5
PGVGWENVL	67	49	41
RAGPWGRGL	67	38	34
RTQTWTRPA	76	40	34
DSRTWHHYV	75	53	45
RTTTWERPQ	65	12	12
ESPHWQSKS	64	2	2
KVTEWITRQ	72	31	27
MGSRWSSEE	47	15	11
QWRSWGPMS	65	58	43
DSSSWSDCC	79	1	1
DEAAWEDED	64	0	0
LFPEWKKMS	48	93	47
PAAKWQDRP	60	25	17
SAGSWNSGS	74	3	3
TNMGWADAM	72	48	45
AEGSWPPPS	71	45	38
SPGGWRSGR	74	9	9
NVGHWAISR	78	44	39
HSPMWDDPG	77	15	14
HPERWTKYS	63	18	18
GDGAWLLKE	74	24	22
GARRWTVPS	62	42	35
ARPGWGGTR	80	6	5
SSNSWEEGS	63	0	0
APFSWSGGK	69	75	57
GKDSWGGAG	81	0	0
ETGLWHHAR	71	28	25
VSVSWRPRA	67	62	50
PDDGWKAPA	76	9	9
AGVQWCDHS	76	5	4
SSHLWRPQG	69	41	39
KEPIWVMRQ	74	49	45
LAPPWEQDY	69	69	51
ADGPWTQRG	70	1	1
VSGHWPEGN	64	5	5
VEVFWPGTI	84	99	83
PSPTWPSSW	69	100	69
PQQDWLSQP	62	21	14
EDPAWLQLL	67	76	53
WRRKWRGRG	36	37	24
PKSLWKSVF	60	93	57
RGRKWKRRP	51	6	5
GRCPWKDHE	60	3	3
DTSDWPTVL	84	85	75
NRPPWKRPC	58	15	15
PGSEWDGST	56	6	6
PQETWDPMG	81	22	22
SPAPWLQRA	76	63	53
FKEPWAEET	45	51	30
GSVDWLSQS	70	43	37
DGAAWMQEP	71	15	10
DPEAWSRPQ	72	9	9
DSNSWPPSN	70	22	19
SGPWWKSLT	66	83	60
SAGEWGADT	76	0	0
RRSIWTMRK	58	52	38
IESPWDSES	55	19	15
SLGSWGGTR	73	42	37
ASSSWPVIL	91	100	91
QSQSWKLRP	65	42	34
RQGGWQSTA	71	3	3
EHPCWEGGR	71	1	1
VVVQWDQGT	67	48	40
LRRSWKYQS	53	40	29
QAPSWGSPG	83	27	26
SSKDWQSSV	70	21	20
HDSQWGGSP	78	6	6
PPPPWDPMP	83	99	82
PSSFWTSGL	57	99	57
RQANWSLEE	70	9	8
VSYNWDPKD	66	11	11
PPIPWEHAP	78	95	77
GNQTWRAVS	63	20	19
AEPSWGPQD	72	7	7
SPQHWSQEP	69	3	2
GPALWTPQA	74	70	56
CASPWQKAE	72	5	4
GERCWAAGW	70	61	51
SRIVWEHTR	58	38	29
EYTDWGLLP	79	85	69
KHNGWKTEH	73	0	0
LPPSWPPGP	77	99	77
SASDWSDVT	62	8	6
RTGGWCARK	65	0	0
QPHLWAAAR	74	57	47
VRTQWTTAA	74	50	45
PGWSWEAGP	70	68	56
YATRWPPRP	73	79	63
NSTSWRTGG	82	5	5
SGLPWSKDW	62	70	48
PGTTWRRIR	51	34	26
GPDRWKETA	71	3	3
RGQAWLPLG	80	72	60
SLINWPSSK	71	64	51
QDRLWSPSS	66	33	31
QQHQWQQHQ	55	0	0
PYISWPSSG	74	86	68
LRGGWERER	54	16	14
PPLVWTEIA	75	100	75
PTRWWPCST	61	85	57
GIGSWGVAG	70	33	26
SPHLWKKSS	68	36	34
PASSWASEE	70	27	22
REQQWMEKK	64	5	3
TQTTWKRGT	72	14	13
GAFGWESAG	53	43	34
SQAVWSQGP	66	22	19
LGTSWTQRR	58	37	29
RDRVWLRDQ	45	14	10
PRQGWEGAK	53	2	1
MVNGWGSAS	76	47	40
APSPWGASG	82	32	31
HNSSWFSRR	59	50	38
NKPSWSVPS	72	48	44
PEKEWRRGE	47	0	0
QVSSWRERQ	57	15	13
LLPDWCFED	59	85	54
RDTFWPGPG	77	65	53
ADPSWPHGG	80	10	10
LPKGWQDPL	51	60	42
GRASWKSNR	63	3	3
VEEEWPEPS	60	9	8
SPEGWDSDS	70	3	3
FEGKWHEDE	37	27	22
PQVTWRKGP	66	38	33
SLKQWPSRV	58	34	29
ETQEWLEET	62	4	4
RSPCWAWEE	72	52	45
SSPDWPPAS	76	50	46
NGYHWDTSD	73	0	0
GLSSWLGLQ	69	82	63
PPLNWQYNY	82	81	67
SSTVWQAQL	76	51	45
SPATWGSHY	77	45	37
GALTWPRPH	82	74	65
GDNSWQPGG	85	0	0
EQRSWPSFL	61	90	58
GGGAWELGS	74	15	15
KAVAWVSAK	68	48	38
PNPDWRYSA	67	41	38
SNKMWKNHI	66	24	20
KRKPWTSLS	59	45	30
STGMWKDSP	64	21	20
LTESWADDN	48	14	13
LKALWRSPK	70	76	58
LSSPWGESS	63	49	43
GRERWVLEV	51	40	26
LPPSWTSST	67	98	66
HQGPWGAPS	78	10	9
RRHDWGHEK	56	0	0
SWKDWAKPG	58	32	29
RCRDWRPEA	56	6	5
KEKSWELAK	53	15	13
AASGWPSAR	73	28	27
GTTEWGNVA	81	22	22
DTDPWATPP	70	46	38
FNYPWTSSG	59	95	58
AAEPWGERP	75	6	6
REEDWRRPP	36	12	10
AGRGWWTTG	54	52	36
QSLPWPPTT	69	90	61
NWPRWQGSP	62	54	44
ASGPWRKRR	57	5	5
EGTAWRQAG	77	2	2
ELGPWGDSL	64	38	35
YPRSWNDWQ	53	50	34
SSPGWSALP	58	77	46
TADPWEPCW	60	52	39
LPGTWRRTD	57	55	37
GTVSWAVEA	83	50	46
KSRPWNQVE	69	3	3
QGCPWTQSS	70	6	6
QDDNWGETT	72	0	0
AKKPWSQQP	63	10	9
TTRPWLEEQ	53	26	21
LKSWWCQPS	58	75	50
QPPPWQPEN	69	8	6
SAGGWAGEQ	78	0	0
PSKVWGSSA	67	36	31
SLRSWSAQT	64	38	31
PRRSWSPAL	63	79	55
ETRKWTGTQ	69	2	2
QTGGWRGTW	61	61	47
KATLWPATP	77	86	68
RRSQWESPS	60	8	7
SEGLWSEDA	65	17	16
VGVQWPRGP	77	54	50
AARCWPPQG	70	15	14
ENNTWNGNS	64	0	0
SESSWGSST	84	10	10
EPYPWNPSL	77	72	59
AQLEWDDST	69	23	21
KAKGWSFPM	58	89	50
GCPEWVQAP	69	32	28
GGGEWVGPS	70	13	8
EHEPWSQMM	50	25	17
GPQSWWAAA	78	84	68
SGKDWDELE	51	1	1
KPCAWSTSN	85	11	9
ATDRWYDEY	64	3	3
SSVNWNSAN	81	15	15
AERQWKKQL	47	6	5
RVNEWDSRT	56	3	3
GDWGWDLAS	78	52	47
GPRGWTPCR	76	9	9
AQRPWRDGL	58	17	15
AGVQWHHPG	83	10	10
ECSDWENET	60	0	0
GWGAWEENE	58	26	21
GSSTWFHNH	61	55	40
EEAPWMRRK	54	21	18
IKSMWEKGN	56	27	25
PPPGWVEPP	71	92	64
ENTDWQRVI	50	33	25
RGSTWTRRR	58	14	13
GGTGWGELP	65	30	27
TRPCWGSTH	78	19	19
LPRPWSPPP	76	97	76
ETDDWDGPG	60	0	0
QRRGWAKSR	53	4	3
PPPSWGRRP	74	84	64
GVSAWHAAE	76	15	13
RRAPWDSGA	71	12	12
SLESWLTTT	66	70	47
CWTGWSRSP	52	61	41
TLDEWKNLQ	58	14	13
RATQWGSFY	50	67	38
IGRRWEKPS	54	19	18
PGTTWILTE	74	82	63
QPYPWGPRD	74	31	28
ASKAWHQKS	68	0	0
SPKRWTTPS	75	37	32
SRGQWARRR	58	1	1
SPSSWRLGL	67	76	57
SPLRWPSPT	83	86	74
ECSPWPDAP	68	26	26
KPWKWRKKK	49	39	30
ARAEWPGLA	84	51	44
TKKGWLKTM	60	45	34
GDCVWGDGR	76	0	0
KKPSWGTEE	73	3	3
GEVPWSPEL	63	53	38
PGASWSISP	72	80	62
DAHVWEDNW	57	16	15
PGRCWRSPS	64	26	24
PPDGWELIE	62	49	39
PQVSWKRGI	54	54	40
SSGLWSPVS	71	70	56
PEPNWGKGP	79	21	21
SQAGWACGR	80	1	1
DSQDWFSPL	60	77	50
TAVGWGAEG	79	14	11
SSPSWAGRL	79	59	54
DRGLWPSQG	67	35	29
WSSQWETSL	45	84	40
RKRQWPTKS	64	6	5
RPRGWAGRE	62	5	3
EGALWSSGA	74	27	25
GPGSWKPPP	77	60	49
NKGGWDHGD	69	0	0
VHSAWATEE	69	22	19
TSRSWFSLP	56	99	56
RDCAWAPGH	79	8	8
ESEFWKKNK	49	24	20
ERKRWGWGR	56	35	29
DNDDWDQLL	38	24	15
SSRPWSPQS	66	19	16
LPSTWTAPQ	64	87	57
PLQDWEEQG	30	14	8
GVTKWKSDV	58	15	10
VQQAWSPHS	73	24	22
ARYQWPEGA	72	11	11
PGQGWAPGP	79	31	30
EAGSWGRAR	77	1	1
GPGPWGEEH	69	4	3
TSTVWGGTC	81	31	26
TVTSWNTET	74	32	31
TLQSWEESH	56	22	19
AGTGWDPGA	77	3	2
FTNGWKSTE	52	64	43
KPLPWPVPK	80	91	77
TPSRWPSPS	76	58	52
QRPNWARSR	66	8	7
RRRLWAASQ	60	33	27
ALAPWPPKP	78	92	74
SAARWSDQG	65	3	3
SRHSWSHHH	78	5	5
LEKEWMTQQ	58	16	15
HSSSWQDHS	64	1	1
RSSDWLRRP	57	43	36
AAAAWDTLK	70	31	29
ISNSWDAHL	68	60	43
RQEEWSTHS	60	3	2
QGPIWTFPP	83	98	81
WGEPWGEPS	69	48	41
KRPQWTVPL	63	90	60
PPRGWDHTA	72	37	34
EEPGWAWSP	63	58	41
AKEEWNMDP	68	11	11
KPNRWPSLW	70	91	65
EPTWWNKPE	65	52	41
PRPFWLRHS	64	87	58
TGPVWEPGL	75	62	52
PSLRWDETP	56	49	35
EKGTWVQLK	60	38	33
APRAWEQPI	55	40	31
HGSGWAETP	73	15	15
SGRIWGVAS	72	31	29
KGGTWSQAE	79	0	0
TPNNWNATE	77	6	6
RQRPWGTRQ	73	5	5
SAADWRRGV	57	10	10
RKRSWGHES	76	1	1
SDDEWTFGS	70	53	42
TRRGWWPGR	65	61	50
DERLWGDDD	56	4	3
TGVQWHDHG	81	6	6
GTKHWTMNL	63	57	44
STPSWASDH	74	27	24
LPASWKYSS	68	83	60
PTATWDPSP	74	53	44
KKGSWLADK	60	25	20
RPGPWRPLV	70	79	58
HHTGWARMA	61	39	35
ASAAWGPSP	76	40	36
AEVSWEVSS	81	32	30
TEGAWRKTE	67	3	3
KKETWDTAE	65	2	2
QEESWLSVG	62	30	22
EKGDWKPRT	58	1	1
PEHTWSSRK	59	17	15
RLRKWPSKR	55	20	19
SGEPWSPSY	66	33	25
SGALWGLER	78	45	41
GPGAWAPPL	76	86	66
QQTSWNPLG	75	29	28
NFKGWDPNE	51	23	22
KARPWRQRG	57	4	4
NGLLWGPDG	89	46	45
SLGPWGTGK	78	36	32
PPPSWEPNS	71	61	52
NRLAWGGQP	76	38	35
TFLQWRHPQ	64	81	56
RSHNWSRNP	68	9	9
STRGWDGPQ	77	6	6
PCPLWSPTA	80	95	77
RGEVWGPGY	75	23	23
RPTPWTRAP	59	59	44
GYRRWGREE	65	3	3
GRQEWSSTH	70	3	3
WSKDWKGSK	39	34	22
PGHLWEGNL	71	47	38
CGHSWSGGK	75	0	0
DRGSWRDAD	68	0	0
MRLSWSPTS	73	88	71
AGPSWDLPA	82	56	53
SGRSWDERS	54	0	0
EHGKWEEEP	54	0	0
SLTRWPPRA	64	58	47
GPIPWFLPE	84	100	84
PPQDWRKPG	54	11	8
GGGPWSCPD	81	8	8
KVEVWEQSV	59	11	11
DRGSWRTAD	57	3	3
PSSPWPTPP	79	91	71
FKRPWHRQG	42	56	33
ISQSWDESL	46	38	21
PGEEWERRP	52	6	3
SLRPWETTL	61	75	51
FQTAWRQAD	49	64	40
SENDWEEVE	63	0	0
EPLSWRSDE	60	25	21
ESFLWSDDE	63	59	48
RGGEWRPEE	66	0	0
QTVSWMQMD	61	51	41
YRESWPPNS	65	29	25
GHCGWLTSS	74	31	24
STPGWTRRR	63	24	19
EEKDWKKEK	49	0	0
QGHTWTQRV	69	15	13
ETDYWPCPP	77	71	58
RNPGWVSWS	56	65	48
PPLSWPPFS	73	100	73
GPGGWSRRA	65	5	5
GELAWDAAE	72	11	11
PGARWLGST	70	57	48
LPPSWGRGA	67	80	57
SPESWKSGP	53	7	4
ETPRWGSPQ	76	21	18
GLEPWNRVR	54	21	16
RKRRWATRG	57	6	6
NLKPWKPGV	64	45	35
HIAQWSPHT	75	45	38
RTRGWMPGL	72	84	64
RVLDWSGSL	59	64	45
PTPKWEGKN	67	14	11
HRESWPGMG	75	26	20
PLESWINKT	51	53	40
LWEPWEGGK	50	58	35
PQPHWIASP	78	72	60
PHQAWQPTA	81	19	15
SAGPWQEET	73	1	1
KNRTWCRRS	55	1	1
PRPPWARPL	65	86	59
RSPSWPLPK	78	75	65
AAGRWGPTF	68	88	62
CGPGWSAVA	74	29	24
VNQEWPEGS	67	2	2
GLHSWQCGQ	74	19	18
LSASWGEPG	68	44	37
MEASWRQVA	62	30	25
PPEDWEEHV	52	14	11
PGSWWKKEL	60	58	42
QPSDWIQKT	62	12	11
QNSGWPHQE	79	1	1
GTTLWPSRG	79	61	53
RPAHWASGP	66	29	27
PTPTWSVPQ	81	80	66
NEGLWEIQN	68	13	13
VRRPWGKRR	59	16	13
SPAVWEPQG	69	21	17
PPNTWHPRK	76	41	38
CCSSWLRRI	53	53	35
RGHGWSRMR	63	22	21
VPARWPGPG	79	70	61
ITPLWAAPG	83	99	82
KQQLWPLPK	73	66	55
KQTMWKTSR	71	35	33
GDKPWKESG	63	0	0
AAIAWPEKK	81	48	40
EDRSWEFPP	62	79	54
RPPDWPHVP	88	71	62
PRATWANSK	71	26	26
SRRSWHEES	62	1	1
QHQAWGSRP	83	5	5
GTASWNHST	83	10	10
PEKGWGPPG	70	13	11
SVPGWDSAP	63	38	27
PASTWASPR	65	74	56
AEGAWPRGP	74	24	22
PSKSWYPRA	69	51	42
RRHSWGPGR	75	12	12
VPRPWSRPA	57	71	46
DPSRWDESG	51	2	2
HILTWQTGE	69	69	58
RDEDWDAKK	62	0	0
VPSYWHPSR	73	72	60
VPAQWELVR	76	64	54
RGGGWRARD	65	0	0
AHSSWSQNL	76	33	30
GPREWGPSP	66	20	17
STPPWDPGH	75	41	37
DPPRWFGYD	59	52	36
PPVPWDPPP	89	99	88
GGRAWRPAG	76	3	3
TSEHWVDDE	51	3	3
FRGSWIGEN	49	66	39
SPSPWRGLT	74	56	50
FQPPWRNRH	51	81	47
RGRCWGPAR	68	14	14
LPRVWAAPD	72	86	64
SPEPWKPFP	65	86	59
KAKEWEMKK	60	4	4
MGERWADSQ	60	9	9
EPLSWGAGK	70	23	17
MYNPWQVGA	74	68	52
DEDYWKCTS	58	1	1
TGVYWIPPA	92	100	92
APLPWPPAT	89	100	89
LGRGWRPLP	67	80	57
LVGGWQRAA	52	48	33
REAFWEPTS	72	50	41
KERSWAESE	62	0	0
SPEHWASPS	67	24	21
DPTPWEPPQ	82	32	31
RVAAWTPGP	73	68	55
YPKAWQGAS	70	34	28
RMDPWAHDR	66	26	23
DRGPWRNAD	56	1	1
LSGGWGSGK	70	24	21
APQRWTSHT	68	24	22
SDIGWVLEL	70	82	61
AHPGWPQAS	81	17	17
DSHPWDKQP	71	4	4
SAVEWSGPE	72	19	19
SPRSWVAMQ	69	57	47
EDLRWLPEE	60	31	28
SGDKWSNKQ	60	0	0
STESWIERC	51	17	11
TEEAWMQLR	63	40	32
FLKWWRSEE	43	96	41
GEPLWSGKM	65	41	31
QSLLWGDPA	76	72	64
ERLKWPHEQ	59	15	11
PSTTWPQRG	65	36	31
ARGAWPSVT	71	49	39
KERNWKERQ	44	0	0
LPNPWAPPP	79	98	77
PDVLWDLDI	65	78	56
ALGPWPWPS	78	100	78
SETLWSHRG	77	30	30
EEREWDREK	34	0	0
RQRKWHKRQ	55	0	0
TSLEWQRQT	58	23	18
GSNPWNNPS	69	2	2
SNASWPPEF	66	67	53
PPRPWPCPQ	71	70	57
QGHSWPDTH	70	5	4
SGGTWPKAM	82	60	54
GGAGWTVGI	74	42	34
SEPLWKQRE	56	13	12
GVGPWQCPE	76	11	11
RTPRWRPDH	70	25	23
LPPPWRDRT	79	86	73
VISVWERLP	65	86	57
WRPAWEQGP	59	60	45
FGEDWQQTP	44	49	28
TPNPWGPEQ	76	24	22
APGKWKSHE	64	10	10
SVDPWGGTP	75	35	33
APGQWRGQR	64	6	6
ESELWKGPL	59	47	33
HESIWHGHT	71	19	18
HSARWAPLT	75	71	58
PSTHWGTGS	78	34	29
PERVWPEPP	69	47	41
RIEEWKQQQ	49	3	3
GEAGWGTGS	84	0	0
SLSSWTPLE	67	78	58
TSVGWDSPP	63	41	30
EEPQWVTSP	66	34	26
PKGTWPFSV	63	94	60
EKAGWFRFP	53	91	51
SSGDWDSSY	64	5	5
EKSKWEGKQ	54	0	0
GPACWTQRA	72	11	10
PNVLWQTPL	79	98	78
SQPVWAGTS	69	38	30
GSDAWVGLW	73	93	71
ASNIWEESS	72	14	14
LSTSWSHWP	57	98	55
PMPTWRSRR	61	85	57
SSEPWEYKS	71	9	8
TGPTWEQQV	74	20	18
GTGRWRAGL	70	45	33
PKPAWRPLT	73	79	62
DLQAWNVSL	65	59	43
VSPIWEPPP	72	93	70
APGKWVHGS	80	23	22
AGAMWTAVF	79	100	79
GPNSWSLAG	81	43	40
PRPPWLSCR	69	70	54
SFFTWFTDH	70	100	70
NPKAWKSQR	65	4	4
LHPSWEASR	66	55	46
LKDTWNNGG	46	9	6
VGPSWTHSG	81	54	47
SGPGWEADA	74	1	1
GTPPWTPLS	79	90	75
GSSPWCPTE	66	25	22
GRGSWGGRH	71	1	1
QSTSWGSGN	79	2	2
SGITWETNS	70	32	28
ENTPWTSSG	74	20	20
KERPWPREH	50	4	3
GLRVWRPWG	65	76	51
TFHSWQERI	41	57	32
DSDFWKMLN	65	60	49
RGAPWAQAP	70	31	28
GGGRWRPNA	70	5	4
HPERWATSS	67	18	17
VTQYWPDRE	54	18	16
NNEDWGRQT	59	0	0
EQDGWKAEP	61	1	1
RAENWDEAE	49	0	0
GSLIWPGAA	77	86	71
QQGDWRLQQ	61	4	3
KDEDWQMSG	69	3	3
KPHSWWGAR	66	60	52
LLSAWRVSA	69	93	65
GTTPWGPTP	84	70	62
EADEWTGGD	64	0	0
SPSSWLSGK	50	42	30
SADQWSEAT	80	1	1
LPPNWLRQL	51	87	47
LLSVWKDTL	60	92	57
QSIPWDLWE	73	70	53
RYNDWSDDD	52	1	1
NMGSWASLV	74	79	63
NDDTWDPGS	75	3	3
PDVPWRNLT	65	52	42
SWAPWSRTS	65	87	59
GGGGWVTWQ	70	64	51
EEPEWRGGA	65	0	0
DDALWPPPD	60	44	35
PMNNWGSGN	68	26	25
GRRAWAAQV	72	20	19
AGDSWLPAK	68	33	27
YAQQWNQYY	64	22	20
SPVSWPEGS	71	41	34
DTSDWMPSV	61	53	37
FWRPWVDAG	58	97	57
GRELWRMVP	65	75	54
TANHWHRAV	74	17	13
SHHRWPTEN	70	9	9
TPGKWGQPK	69	13	12
ALAPWKAPM	78	96	75
GLSSWSSEE	73	23	22
SPMGWSSAA	82	63	57
AQEEWAKNE	57	0	0
RLPLWGDEQ	66	58	47
SKLTWSPGS	67	47	38
DSEAWTADQ	70	0	0
LGQPWPLNE	69	39	37
HGPPWFPKE	76	74	57
HKAHWAAQE	69	0	0
QEESWPGAP	78	26	23
TQPPWYQLP	70	75	57
KKSNWRSTT	61	5	4
QRIEWRKWK	47	27	24
AGREWRTQA	72	1	1
PKQTWRASS	70	17	16
HGSAWDPSR	76	7	7
SGPQWSRGM	60	30	24
QARGWVASG	72	11	8
SSPSWEDGA	70	10	10
KPSTWVSCP	59	56	39
SNGSWSPGP	80	33	30
EAALWGEAG	73	19	16
PGNSWPGQD	74	4	3
AQQPWPRSA	72	18	17
GGPVWGGAL	79	44	37
RDRSWVIGS	72	42	37
PPGVWPANP	78	79	65
GWVTWQRPQ	69	57	48
GGFLWKAKS	71	73	59
SDLTWEEEE	59	3	3
HRPTWPRPS	70	57	49
DTVDWTREA	64	10	9
ERQQWEDDQ	53	0	0
AERSWPSSP	60	33	28
LPSSWLTSS	60	94	59
SWASWFTWT	64	100	64
SVRGWGTQD	71	9	9
MYQQWGLSR	69	56	45
KSVSWSEPG	68	23	20
RVQSWKEEE	54	1	1
GPQPWEGRP	65	15	14
SPLVWPPKK	64	77	55
RVVLWGQEG	74	42	38
NSRVWQGTM	52	32	24
MDESWFVTP	61	91	56
ASGPWEDEG	65	1	1
EEGEWSRDS	52	0	0
FSTQWSLDR	55	78	48
PPGGWSRNQ	70	23	22
KFPLWPEWS	74	97	72
AKCAWKGPR	71	5	5
QSSPWPRAT	72	45	42
RLRPWARAQ	56	42	33
SGKLWKPRQ	67	21	19
ESELWKGGS	66	10	10
ELAQWEDFS	52	41	32
PKHQWGEEE	57	2	2
MPSPWAPSG	72	84	65
EETMWRQEE	58	12	12
QAGTWSRQC	64	2	2
PLSHWEELP	50	58	33
NKMTWPPRN	63	29	24
SGTGWSTSR	77	17	16
ASITWADGE	72	35	26
GTIGWVGAP	67	58	42
RPDSWNRHE	54	1	1
CGTAWERNR	65	5	5
SDEEWEEEE	43	0	0
NAEKWNKTS	57	0	0
PQDEWGGSK	62	1	1
GTPRWRSGG	75	9	9
ANTLWKTNS	72	43	41
ACWAWGPSS	76	81	62
DSEEWMSSE	47	7	5
PPPPWAPPR	84	97	83
SQHSWPCPE	82	24	22
SGSLWEEDE	59	12	11
ATAAWCTDS	81	20	18
GRSVWAEPA	71	29	24
HDLLWHPGP	75	84	67
STPSWQRSE	61	19	18
GDRAWALPA	84	65	57
RGEAWRRQA	60	0	0
VPHFWEAGL	57	89	53
RTAAWTSPP	67	69	55
RKASWSRPA	68	14	13
LGSAWEQSR	65	23	22
RGQRWRAWS	51	38	29
YSPSWESED	64	21	20
GRDSWEHSP	71	3	2
RSPVWGRAT	77	42	42
QFRKWKPSP	52	39	28
LGEAWGRPE	63	23	18
GRGRWRGER	50	0	0
LRLRWGPDH	63	65	48
ASRPWKVMA	65	61	44
LGPNWKQEL	62	40	34
GGREWRGDT	62	0	0
SGPGWYGAN	67	17	17
KEHIWKQTK	66	9	8
ATPFWSHLL	78	100	78
QGRPWTPGQ	72	9	9
NNFPWNLQS	67	52	43
RGRSWAPAA	83	40	39
SSSCWARSG	66	10	9
PKINWASFR	60	79	55
SCAEWPQRR	58	3	3
TRHLWLSSS	67	81	60
GLSSWGPPP	72	81	59
RSRSWAPWS	68	80	60
AVPRWGAPE	86	41	38
LPDVWLRRP	58	92	55
EVRSWQGDG	62	7	7
VLPPWDREE	67	78	58
SDGEWPPQA	64	11	7
GTSFWAAAM	77	99	77
ESSSWPASK	63	20	17
LGPEWSQEG	61	22	20
PPSNWGWGG	66	76	55
QPLGWSNHQ	63	18	15
EYSDWTADA	70	6	6
ANRRWNSEH	53	0	0
DGFFWTQGS	66	86	60
AWVYWPGED	68	86	62
SCFSWSGGL	67	87	58
KYESWGPLY	87	83	73
CHPGWSAMA	78	49	43
SPQEWEADR	63	0	0
ADPTWTLRF	69	98	69
EGEDWEQED	61	0	0
GPAGWWLGR	68	83	62
QPQQWNVRS	63	3	2
QCTGWPGPR	81	24	23
GGTMWGTGL	77	61	51
KPCGWTATT	79	25	22
VAAEWGSEE	77	10	9
EESSWDDCE	66	0	0
VGTPWPAKP	70	64	49
RRSKWDQPA	67	5	5
GSEPWKQQL	53	7	6
ALPSWKSVD	72	64	54
TGGSWARSE	56	1	1
LLCGWSPGG	73	80	64
TQLFWDKEP	61	60	44
RRSSWPRPT	71	51	43
ELNEWPQNG	66	0	0
GRVSWREAR	65	10	10
EKVSWAGIG	75	34	33
GAAKWAAVR	74	20	17
SNLSWQEEN	62	9	8
AQGGWEDPE	60	0	0
NQKQWQSKR	56	0	0
SPVTWQVTS	78	57	51
APARWPRSD	66	28	22
KKSPWQRRE	46	4	3
DAGSWGAES	80	0	0
SGRSWANSG	71	1	1
PKKGWKEEF	43	28	19
QSTTWPETS	80	32	31
SRLPWEDTA	59	31	27
GAGGWQEVR	66	1	1
KEQDWESES	63	0	0
ATSPWPAEQ	68	23	22
GSSRWCRVG	60	5	5
EEASWSESG	60	0	0
RALGWDGPR	62	19	17
PGRFWWQDG	52	78	47
GDSPWPPWP	85	99	84
SPSDWASPL	77	58	51
EAPPWENSS	74	10	10
AQGPWQGLR	65	20	17
QLPQWRRRR	64	30	26
RLTRWGSQG	70	28	23
SRSRWRSEQ	60	0	0
AEPGWQAKR	66	0	0
TLVDWDPQT	75	44	37
TASPWRSPG	70	36	32
DPPPWAEKV	64	30	24
NWQEWRQRD	37	13	9
RASCWRGRS	60	1	1
PPRHWASPP	67	74	56
SQRKWNFDF	43	71	33
LRELWQKAI	60	60	44
QQGIWTSTE	65	18	15
HAEEWAEVK	66	5	5
RDDGWPRRE	51	1	1
FSDPWGGSP	68	85	64
YAGFWRPWV	71	100	71
SEKAWTTCL	62	42	33
PAPLWAPPS	86	100	86
SRKDWSALS	60	31	25
EWVKWSWGQ	59	75	50
PPELWLPLR	70	99	70
PPEPWAPDP	61	68	44
GEAGWGTGE	84	0	0
APDDWSSES	61	2	2
CFPSWWPSE	63	98	63
SEGTWRKGP	58	3	3
PSTSWMPRR	63	66	52
SWSPWLSWS	67	99	67
GGGSWRAGR	71	0	0
GPCTWSRIR	60	43	39
GHPSWSGWE	58	48	39
AGNEWRRPI	43	13	9
ESTEWGFNT	69	50	40
GDPEWSSET	71	0	0
PDKAWEARP	68	12	11
GNSDWPERP	65	6	5
DPPAWTPSA	77	51	44
SSAPWSRST	61	28	26
SGGSWRRCP	64	12	12
LPKGWEVRH	60	48	38
GVTPWASFK	61	90	56
LKCEWSNRT	59	27	18
DDRSWQGTA	61	4	4
QNTAWDTET	76	1	1
KRAPWPRPP	69	61	50
PENPWPPAP	73	83	63
SPGSWKPGP	67	32	26
GDGPWGAEP	70	1	0
RSAGWREHM	67	16	14
EPQTWWAQD	63	43	36
EEKEWRKRE	38	0	0
STTPWHRHF	59	75	49
EEEGWPRQA	60	1	1
SGCSWAPVP	82	90	76
TTSSWEPRR	59	20	19
HQQTWKNSA	71	1	1
EQGGWSFLE	67	51	38
QSSRWDRNN	54	0	0
KQQSWKPPN	69	8	8
PGAPWEEDE	66	8	8
SGGPWAMPR	70	61	51
WVGLWRPHR	70	96	69
LSPSWAGGS	71	63	54
EPTGWEPEE	68	0	0
RPSDWAPRA	62	33	26
HVPGWCSGS	75	45	42
SRRVWSPPR	67	47	39
RRWAWAEDK	63	46	41
NVPPWGSGV	83	63	51
LKGKWSSEV	54	35	28
REPGWCKTP	60	12	11
PRQSWRKRK	55	8	8
TSKKWAAGQ	62	2	2
EEASWTKRG	70	0	0
SAQRWAIKH	61	22	18
LRRAWPSSD	56	41	35
DSQSWTESS	64	4	3
VGPEWLGDT	69	46	39
TPYEWMRRS	53	39	27
QRRDWSRLP	36	41	20
IPQQWDESS	46	16	13
PGQLWGSPG	70	38	34
PSSAWPTTA	85	86	78
KTFDWAEFR	51	69	43
ARSGWATPS	72	44	42
TKEPWPTDS	65	16	13
RWPGWRSLQ	57	57	42
QEEDWDRDL	40	1	1
KSGDWVCPN	76	16	15
SDPGWERSD	64	0	0
PRGSWPTPS	74	63	52
LQGRWGLGR	65	34	27
VKETWHERL	50	21	18
PNQDWAKPG	72	6	6
LRKQWETFE	43	44	28
EPPKWLGLQ	60	54	44
RLTRWPPPD	74	69	60
DLGRWKPAD	67	16	15
AESMWTSPP	68	65	51
IEKKWQELE	46	8	7
RRTKWRKKH	45	0	0
QTQDWTTST	73	10	9
ALARWAADP	75	50	44
PTEGWSPAA	78	36	30
RLRFWSSSD	48	65	35
DEGGWRRGP	54	1	1
GDMSWQSSP	65	36	31
WPSLWAEQQ	46	79	39
RRREWKERY	46	1	1
KNRNWSPSS	67	9	9
AHSSWYNGR	63	11	9
GSKRWPQTP	62	27	23
LKEEWQDED	38	4	3
TSHPWDPGS	79	13	11
DARRWPSAP	74	43	35
ERRTWWPEQ	60	54	43
EPEIWDPSP	68	25	20
APWPWGPPA	85	100	85
PPQAWGHPM	83	76	68
CRAPWPLPL	85	100	85
PNSSWPLSQ	69	52	47
RGSSWESNN	61	0	0
PDSQWDPMP	71	63	44
MGAVWQEPH	70	38	33
EEERWQEEK	47	0	0
RKDRWEEAG	50	0	0
SHGKWGSVR	76	11	11
DEDQWEDGA	59	0	0
PGGKWMIPS	78	76	60
EDEAWRQRR	53	0	0
SSPPWAGQH	77	30	25
WSRKWPPPC	65	71	49
NKMTWAPKN	74	29	26
PASTWDSTA	72	56	48
EDELWASFL	56	89	53
GRDRWESGM	51	3	3
PSYKWREEH	62	15	15
KRPPWEVEG	66	13	12
FRKTWGFRR	50	82	46
CSGTWSRSN	73	5	5
EEQTWATDP	70	5	5
TLPPWRRPA	67	82	58
SHRAWAEGK	63	1	1
NSPEWGSHR	78	3	3
RTAPWKKRT	68	19	18
GKAVWPKPA	74	30	25
AKPKWCSKG	67	9	9
KITPWPDSR	64	55	44
PDTGWKHER	62	2	2
GRHRWPDPA	71	22	21
SSSDWILES	73	57	48
QQRYWPMYH	76	68	58
EERRWNKRT	47	0	0
THPSWIPQP	79	74	63
KPSPWQSST	66	29	26
RRRSWQRRR	45	2	2
PGVGWENSA	71	10	10
PGSPWWRRS	57	79	51
AWGPWASDE	63	62	48
PGPSWTATF	68	95	65
GEGSWPRSP	68	15	14
GTSPWVPSN	67	51	43
QVEPWDERE	54	1	1
EAEAWESEN	62	0	0
GTVGWDSSN	68	11	11
DHKRWQGGE	61	0	0
VIEKWVNGE	52	19	15
PSRHWSVSG	64	45	37
EKTEWPKTM	68	32	25
GTPSWSRRN	70	25	24
RQPPWPRRG	65	27	25
SLCAWQEKT	59	22	18
RRTPWKPPP	68	66	53
NTPSWMDKG	69	26	23
AEAPWLRAE	59	41	27
RAPRWAQAW	75	63	53
DLDFWLSTT	52	86	46
PDDPWPAGP	81	29	27
DSVHWRRRG	54	9	8
EPPAWAGGA	84	22	20
PTPTWEGGR	72	32	26
DSGLWPGAV	71	60	48
SEVAWGPQK	79	10	10
SSRSWRPSG	74	22	20
PGWSWDSQG	59	57	38
PRRAWAAGA	84	24	23
GEVVWVERA	67	33	31
AGAEWAGDK	75	0	0
NEETWEDNE	56	0	0
DVGNWRETE	60	0	0
APEPWVERA	70	30	26
SSSAWPNLT	74	62	53
SPQLWPEPD	66	44	36
EDGRWGSGG	78	0	0
SKYSWQREK	54	6	6
